codigo,nombre_es,nombre_en,descripcion_en,simbolo,factor_conversion,nivel_categoria,categoria_es,estado
05,,lift,,,,3.9,Informativa - varias,Eliminado de la Rec. 20
06,,small spray,,,,3.9,Informativa - varias,Eliminado de la Rec. 20
08,,heat lot,,,,3.9,Informativa - varias,Eliminado de la Rec. 20
10,,group,A unit of count defining the number of groups (group: set of items classified together).,,,3.9,Informativa - varias,Vigente
11,,outfit,A unit of count defining the number of outfits (outfit: a complete set of equipment / materials / objects used for a specific purpose).,,,3.9,Informativa - varias,Vigente
13,,ration,A unit of count defining the number of rations (ration: a single portion of provisions).,,,3.9,Informativa - varias,Vigente
14,,shot,"A unit of liquid measure, especially related to spirits.",,,3.9,Informativa - varias,Vigente
15,,"stick, military",A unit of count defining the number of military sticks (military stick: bombs or paratroops released in rapid succession from an aircraft).,,,3.9,Informativa - varias,Vigente
16,,hundred fifteen kg drum,,,,3.3,Informativa - unidades de embalaje,Eliminado de la Rec. 20
17,,hundred lb drum,,,,3.3,Informativa - unidades de embalaje,Eliminado de la Rec. 20
18,,fiftyfive gallon (US) drum,,,,3.3,Informativa - unidades de embalaje,Eliminado de la Rec. 20
19,,tank truck,,,,3.4,Informativa - unidades de envío y transporte,Eliminado de la Rec. 20
1A,,car mile,,,,3.5,Informativa - unidades específicas de industria,Eliminado de la Rec. 20
1B,,car count,,,,3.5,Informativa - unidades específicas de industria,Eliminado de la Rec. 20
1C,,locomotive count,,,,3.5,Informativa - unidades específicas de industria,Eliminado de la Rec. 20
1D,,caboose count,,,,3.5,Informativa - unidades específicas de industria,Eliminado de la Rec. 20
1E,,empty car,,,,3.5,Informativa - unidades específicas de industria,Eliminado de la Rec. 20
1F,,train mile,,,,3.5,Informativa - unidades específicas de industria,Eliminado de la Rec. 20
1G,,fuel usage gallon (US),,,,3.5,Informativa - unidades específicas de industria,Eliminado de la Rec. 20
1H,,caboose mile,,,,3.5,Informativa - unidades específicas de industria,Eliminado de la Rec. 20
1I,,fixed rate,A unit of quantity expressed as a predetermined or set rate for usage of a facility or service.,,,3.9,Informativa - varias,Vigente
1J,,ton mile,,,,3.5,Informativa - unidades específicas de industria,Eliminado de la Rec. 20
1K,,locomotive mile,,,,3.5,Informativa - unidades específicas de industria,Eliminado de la Rec. 20
1L,,total car count,,,,3.5,Informativa - unidades específicas de industria,Eliminado de la Rec. 20
1M,,total car mile,,,,3.5,Informativa - unidades específicas de industria,Eliminado de la Rec. 20
1X,,quarter mile,,,,3.8,Informativa - múltiplos / fracciones / decimales,Eliminado de la Rec. 20
20,,twenty foot container,A unit of count defining the number of shipping containers that measure 20 foot in length.,,,3.4,Informativa - unidades de envío y transporte,Vigente
21,,forty foot container,A unit of count defining the number of shipping containers that measure 40 foot in length.,,,3.4,Informativa - unidades de envío y transporte,Vigente
22,,decilitre per gram,,dl/g,10⁻¹ x m³/kg,1M,Normativa - múltiplos de uso común,Vigente
23,,gram per cubic centimetre,,g/cm³,10³ kg/m³,1S,Normativa - múltiplos estándar,Vigente
24,,theoretical pound,A unit of mass defining the expected mass of material expressed as the number of pounds.,,,3.1,Informativa - unidades base calificadas (niveles 1 y 2),Vigente
25,,gram per square centimetre,,g/cm²,10 kg/m²,1M,Normativa - múltiplos de uso común,Vigente
26,,actual ton,,,,3.1,Informativa - unidades base calificadas (niveles 1 y 2),Eliminado de la Rec. 20
27,,theoretical ton,"A unit of mass defining the expected mass of material, expressed as the number of tons.",,,3.1,Informativa - unidades base calificadas (niveles 1 y 2),Vigente
28,,kilogram per square metre,,kg/m²,kg/m²,1,Normativa (SI),Vigente
29,,pound per thousand square foot,,lb/kft²,,3.8,Informativa - múltiplos / fracciones / decimales,Eliminado de la Rec. 20
2A,,radian per second,Refer ISO/TC12 SI Guide,rad/s,rad/s,1,Normativa (SI),Vigente
2B,,radian per second squared,Refer ISO/TC12 SI Guide,rad/s²,rad/s²,1,Normativa (SI),Vigente
2C,,roentgen,,R,"2,58 x 10⁻⁴ C/kg",2,"Equivalente normativa (no SI: UK, US, etc.)",Vigente
2G,,volt AC,A unit of electric potential in relation to alternating current (AC).,V,V,3.1,Informativa - unidades base calificadas (niveles 1 y 2),Vigente
2H,,volt DC,A unit of electric potential in relation to direct current (DC).,V,V,3.1,Informativa - unidades base calificadas (niveles 1 y 2),Vigente
2I,,British thermal unit (international table) per hour,,BtuIT/h,"2,930 711x 10⁻¹ W",2,"Equivalente normativa (no SI: UK, US, etc.)",Vigente
2J,,cubic centimetre per second,,cm³/s,10⁻⁶ m³/s,1S,Normativa - múltiplos estándar,Vigente
2K,,cubic foot per hour,,ft³/h,"7,865 79 x 10⁻⁶ m³/s",2,"Equivalente normativa (no SI: UK, US, etc.)",Vigente
2L,,cubic foot per minute,,ft³/min,"4,719 474 x 10⁻⁴ m³/s",2,"Equivalente normativa (no SI: UK, US, etc.)",Vigente
2M,,centimetre per second,,cm/s,10⁻² m/s,1S,Normativa - múltiplos estándar,Vigente
2N,,decibel,,dB,"0,115 129 3 Np",1,Normativa (SI),Vigente
2P,kilobyte,kilobyte,A unit of information equal to 10³ (1000) bytes.,kbyte,,3.6,Informativa - unidades de tecnología de la información,Vigente
2Q,,kilobecquerel,,kBq,10³ Bq,1S,Normativa - múltiplos estándar,Vigente
2R,,kilocurie,,kCi,"3,7 x 10¹³ Bq",2S,Equivalente normativa - múltiplos,Vigente
2U,,megagram,,Mg,10³ kg,1S,Normativa - múltiplos estándar,Vigente
2V,,megagram per hour,,Mg/h,,3.8,Informativa - múltiplos / fracciones / decimales,Eliminado de la Rec. 20
2W,,bin,"Use UN/ECE Recommendation 21 (refer to Note 2 in the spreadsheet introduction, 1st sheet).",,,3.3,Informativa - unidades de embalaje,Eliminado de la Rec. 20
2X,,metre per minute,,m/min,"0,016 666 m/s",1M,Normativa - múltiplos de uso común,Vigente
2Y,,milliroentgen,,mR,"2,58 x 10⁻⁷ C/kg",2,"Equivalente normativa (no SI: UK, US, etc.)",Vigente
2Z,,millivolt,,mV,10⁻³ V,1S,Normativa - múltiplos estándar,Vigente
30,,horse power day per air dry metric ton,,,,3.5,Informativa - unidades específicas de industria,Eliminado de la Rec. 20
31,,catch weight,,,,3.9,Informativa - varias,Eliminado de la Rec. 20
32,,kilogram per air dry metric ton,,,,3.5,Informativa - unidades específicas de industria,Eliminado de la Rec. 20
33,,kilopascal square metre per gram,,kPa·m²/g,10⁶ m/s²,1M,Normativa - múltiplos de uso común,Vigente
34,,kilopascal per millimetre,,kPa/mm,10⁶ kg/(m² x s²),1M,Normativa - múltiplos de uso común,Vigente
35,,millilitre per square centimetre second,,ml/(cm²·s),10⁻² m/s,1M,Normativa - múltiplos de uso común,Vigente
36,,cubic foot per minute per square foot,Conversion factor required,ft³/(min/ft²),,1M,Normativa - múltiplos de uso común,Eliminado de la Rec. 20
37,,ounce per square foot,,oz/ft²,"0,305 151 7 kg/m²",2,"Equivalente normativa (no SI: UK, US, etc.)",Vigente
38,,"ounce per square foot per 0,01inch",,oz/(ft²/cin),,3.9,Informativa - varias,Vigente
3B,,megajoule,,MJ,10⁶ J,1S,Normativa - múltiplos estándar,Vigente
3C,,manmonth,A unit of count defining the number of months for a person or persons to perform an undertaking.,,,3.9,Informativa - varias,Vigente
3E,,pound per pound of product,,,,3.9,Informativa - varias,Eliminado de la Rec. 20
3G,,pound per piece of product,,,,3.9,Informativa - varias,Eliminado de la Rec. 20
3H,,kilogram per kilogram of product,,,,3.9,Informativa - varias,Eliminado de la Rec. 20
3I,,kilogram per piece of product,,,,3.9,Informativa - varias,Eliminado de la Rec. 20
40,,millilitre per second,,ml/s,10⁻⁶ m³/s,1M,Normativa - múltiplos de uso común,Vigente
41,,millilitre per minute,,ml/min,"1,666 67 x 10⁻⁸ m³/s",1M,Normativa - múltiplos de uso común,Vigente
43,,super bulk bag,"Use UN/ECE Recommendation 21 (refer to Note 2 in the spreadsheet introduction, 1st sheet).",,,3.3,Informativa - unidades de embalaje,Eliminado de la Rec. 20
44,,fivehundred kg bulk bag,,,,3.3,Informativa - unidades de embalaje,Eliminado de la Rec. 20
45,,threehundred kg bulk bag,,,,3.3,Informativa - unidades de embalaje,Eliminado de la Rec. 20
46,,fifty lb bulk bag,,,,3.3,Informativa - unidades de embalaje,Eliminado de la Rec. 20
47,,fifty lb bag,,,,3.3,Informativa - unidades de embalaje,Eliminado de la Rec. 20
48,,bulk car load,,,,3.4,Informativa - unidades de envío y transporte,Eliminado de la Rec. 20
4A,bobina,bobbin,"Use UN/ECE Recommendation 21 (refer to Note 2 in the spreadsheet introduction, 1st sheet).",,,3.3,Informativa - unidades de embalaje,Eliminado de la Rec. 20
4B,,cap,,,,3.9,Informativa - varias,Eliminado de la Rec. 20
4C,,centistokes,,cSt,10⁻⁶ m²/s,2,"Equivalente normativa (no SI: UK, US, etc.)",Vigente
4E,,twenty pack,,,,3.2,Informativa - unidades de venta,Eliminado de la Rec. 20
4G,,microlitre,,µl,10⁻⁹ m³,1M,Normativa - múltiplos de uso común,Vigente
4H,micrómetro (micra),micrometre (micron),,µm,10⁻⁶ m,1S,Normativa - múltiplos estándar,Vigente
4K,,milliampere,,mA,10⁻³ A,1S,Normativa - múltiplos estándar,Vigente
4L,megabyte,megabyte,A unit of information equal to 10⁶ (1000000) bytes.,Mbyte,,3.6,Informativa - unidades de tecnología de la información,Vigente
4M,,milligram per hour,,mg/h,"2,777 78 x 10⁻¹⁰ kg/s",1M,Normativa - múltiplos de uso común,Vigente
4N,,megabecquerel,,MBq,10⁶ Bq,1S,Normativa - múltiplos estándar,Vigente
4O,,microfarad,,µF,10⁻⁶ F,1S,Normativa - múltiplos estándar,Vigente
4P,,newton per metre,,N/m,N/m,1,Normativa (SI),Vigente
4Q,,ounce inch,,oz·in,"7,200 778 x 10⁻⁴ kg x m",2,"Equivalente normativa (no SI: UK, US, etc.)",Vigente
4R,,ounce foot,,oz·ft,"8,640 934 x 10⁻³ kg x m",2,"Equivalente normativa (no SI: UK, US, etc.)",Vigente
4T,,picofarad,,pF,10⁻¹² F,1S,Normativa - múltiplos estándar,Vigente
4U,,pound per hour,,lb/h,"1,259 979 x 10⁻⁴ kg/s",2,"Equivalente normativa (no SI: UK, US, etc.)",Vigente
4W,,ton (US) per hour,,ton (US) /h,"2,519 958 x 10⁻¹ kg/s",2,"Equivalente normativa (no SI: UK, US, etc.)",Vigente
4X,,kilolitre per hour,,kl/h,"2,777 78 x 10⁻⁴ m³/s",1M,Normativa - múltiplos de uso común,Vigente
53,,theoretical kilogram,,,,3.1,Informativa - unidades base calificadas (niveles 1 y 2),Eliminado de la Rec. 20
54,,theoretical tonne,,,,3.1,Informativa - unidades base calificadas (niveles 1 y 2),Eliminado de la Rec. 20
56,,sitas,A unit of area for tin plate equal to a surface area of 100 square metres.,,,3.9,Informativa - varias,Vigente
57,,mesh,A unit of count defining the number of strands per inch as a measure of the fineness of a woven product.,,,3.9,Informativa - varias,Vigente
58,kilogramo neto,net kilogram,A unit of mass defining the total number of kilograms after deductions.,,,3.1,Informativa - unidades base calificadas (niveles 1 y 2),Vigente
59,partes por millón (ppm),part per million,A unit of proportion equal to 10⁻⁶.,ppm,1 x 10⁻⁶,3.7,Informativa - enteros / números / razones,Vigente
5A,,barrel (US) per minute,,barrel (US)/min,"2,649 79 x 10⁻³ m³/s",2,"Equivalente normativa (no SI: UK, US, etc.)",Vigente
5B,,batch,A unit of count defining the number of batches (batch: quantity of material produced in one operation or number of animals or persons coming at once).,,,3.9,Informativa - varias,Vigente
5C,,gallon(US) per thousand,,,,3.9,Informativa - varias,Eliminado de la Rec. 20
5E,,MMSCF/day,A unit of volume equal to one million (1000000) cubic feet of gas per day.,,,3.9,Informativa - varias,Vigente
5F,,pound per thousand,,,,3.9,Informativa - varias,Eliminado de la Rec. 20
5G,,pump,,,,3.9,Informativa - varias,Eliminado de la Rec. 20
5H,,stage,,,,3.9,Informativa - varias,Eliminado de la Rec. 20
5I,,standard cubic foot,Use standard (common code WSD),std,"4,672 m³",2,"Equivalente normativa (no SI: UK, US, etc.)",Eliminado de la Rec. 20
5J,,hydraulic horse power,A unit of power defining the hydraulic horse power delivered by a fluid pump depending on the viscosity of the fluid.,,,3.5,Informativa - unidades específicas de industria,Vigente
5K,,count per minute,,,,3.9,Informativa - varias,Eliminado de la Rec. 20
5P,,seismic level,,,,3.9,Informativa - varias,Eliminado de la Rec. 20
5Q,,seismic line,,,,3.9,Informativa - varias,Eliminado de la Rec. 20
60,,percent weight,A unit of proportion equal to 10⁻².,,1 x 10⁻²,3.7,Informativa - enteros / números / razones,Vigente
61,"partes por mil millones (ppb, EE.UU.)",part per billion (US),A unit of proportion equal to 10⁻⁹.,ppb,1 x 10⁻⁹,3.7,Informativa - enteros / números / razones,Vigente
62,,percent per 1000 hour,,,,3.7,Informativa - enteros / números / razones,Eliminado de la Rec. 20
63,,failure rate in time,,,,3.9,Informativa - varias,Eliminado de la Rec. 20
64,,"pound per square inch, gauge",,,"7,030 696 x 10² kg/m²",3.1,Informativa - unidades base calificadas (niveles 1 y 2),Obsoleto (deprecated)
66,,oersted,,Oe,"7,957 747 x 10 A/m",3.5,Informativa - unidades específicas de industria,Obsoleto (deprecated)
69,,test specific scale,,,,3.9,Informativa - varias,Eliminado de la Rec. 20
71,,volt ampere per pound,,,,3.9,Informativa - varias,Eliminado de la Rec. 20
72,,watt per pound,,,,3.9,Informativa - varias,Eliminado de la Rec. 20
73,,ampere tum per centimetre,,,,3.9,Informativa - varias,Eliminado de la Rec. 20
74,,millipascal,,mPa,10⁻³ Pa,1S,Normativa - múltiplos estándar,Vigente
76,,gauss,,Gs,10⁻⁴ T,3.5,Informativa - unidades específicas de industria,Obsoleto (deprecated)
77,,milli-inch,,mil,"25,4 x 10⁻⁶ m",2,"Equivalente normativa (no SI: UK, US, etc.)",Vigente
78,,kilogauss,,kGs,10⁻¹ T,3.5,Informativa - unidades específicas de industria,Obsoleto (deprecated)
80,,pound per square inch absolute,,lb/in²,"7,030 696 x 10² kg/m²",2,"Equivalente normativa (no SI: UK, US, etc.)",Vigente
81,,henry,,H,H,1,Normativa (SI),Vigente
84,,kilopound-force per square inch,"A unit of pressure defining the number of kilopounds force per square inch.,Use kip per square inch (common code N20).",klbf/in²,"6,894 757 x 10⁶ Pa",2,"Equivalente normativa (no SI: UK, US, etc.)",Obsoleto (deprecated)
85,,foot pound-force,,ft·lbf,"1,355 818 J",2,"Equivalente normativa (no SI: UK, US, etc.)",Vigente
87,,pound per cubic foot,,lb/ft³,"1,601 846 x 10¹ kg/m³",2,"Equivalente normativa (no SI: UK, US, etc.)",Vigente
89,,poise,,P,"0,1 Pa x s",2,"Equivalente normativa (no SI: UK, US, etc.)",Vigente
90,,Saybold universal second,,,,3.9,Informativa - varias,Eliminado de la Rec. 20
91,,stokes,,St,10⁻⁴ m²/s,2,"Equivalente normativa (no SI: UK, US, etc.)",Vigente
92,,calorie per cubic centimetre,,,,3.9,Informativa - varias,Eliminado de la Rec. 20
93,,calorie per gram,Use International Table (IT) calorie per gram (common code D75).,cal/g,"4,186 8 x 10³ J/kg",3.5,Informativa - unidades específicas de industria,Eliminado de la Rec. 20
94,,curl unit,,,,3.9,Informativa - varias,Eliminado de la Rec. 20
95,,twenty thousand gallon (US) tankcar,,,,3.4,Informativa - unidades de envío y transporte,Eliminado de la Rec. 20
96,,ten thousand gallon (US) tankcar,,,,3.4,Informativa - unidades de envío y transporte,Eliminado de la Rec. 20
97,,ten kg drum,,,,3.3,Informativa - unidades de embalaje,Eliminado de la Rec. 20
98,,fifteen kg drum,,,,3.3,Informativa - unidades de embalaje,Eliminado de la Rec. 20
A1,,15 °C calorie,,cal₁₅,"4,188 46  J",2,"Equivalente normativa (no SI: UK, US, etc.)",Obsoleto (deprecated)
A10,,ampere square metre per joule second,,A·m²/(J·s),(A x s)/kg,1,Normativa (SI),Vigente
A11,ángstrom,angstrom,,Å,10⁻¹⁰ m,1,Normativa (SI),Vigente
A12,,astronomical unit,,ua,"1,495 978 70 x 10¹¹ m",1,Normativa (SI),Vigente
A13,,attojoule,,aJ,10⁻¹⁸ J,1S,Normativa - múltiplos estándar,Vigente
A14,,barn,,b,10⁻²⁸ m²,1,Normativa (SI),Vigente
A15,,barn per electronvolt,,b/eV,"6,241 51 x 10⁻¹⁰ m²/J",1,Normativa (SI),Vigente
A16,,barn per steradian electronvolt,,b/(sr·eV),"6,241 51 x 10⁻¹⁰ m²/(sr xJ)",1,Normativa (SI),Vigente
A17,,barn per steradian,,b/sr,1 x 10⁻²⁸ m²/sr,1,Normativa (SI),Vigente
A18,,becquerel per kilogram,,Bq/kg,"27,027 x 10⁻¹² Ci/kg",1,Normativa (SI),Vigente
A19,,becquerel per cubic metre,,Bq/m³,Bq/m³,1,Normativa (SI),Vigente
A2,,ampere per centimetre,,A/cm,10² A/m,1S,Normativa - múltiplos estándar,Vigente
A20,,British thermal unit (international table) per second square foot degree Rankine,,BtuIT/(s·ft²·°R),"20 441,7 W/(m² x K)",2,"Equivalente normativa (no SI: UK, US, etc.)",Vigente
A21,,British thermal unit (international table) per pound degree Rankine,,BtuIT/(lb·°R),"4 186,8 J/(kg x K)",2,"Equivalente normativa (no SI: UK, US, etc.)",Vigente
A22,,British thermal unit (international table) per second foot degree Rankine,,BtuIT/(s·ft·°R),"6 230,64 W/(m x K)",2,"Equivalente normativa (no SI: UK, US, etc.)",Vigente
A23,,British thermal unit (international table) per hour square foot degree Rankine,,BtuIT/(h·ft²·°R),"5,678 26 W/ (m² x K)",2,"Equivalente normativa (no SI: UK, US, etc.)",Vigente
A24,,candela per square metre,,cd/m²,cd/m²,1,Normativa (SI),Vigente
A25,,cheval vapeur,Synonym: metric horse power,CV,"7,354 988 x 10² W",2,"Equivalente normativa (no SI: UK, US, etc.)",Obsoleto (deprecated)
A26,,coulomb metre,,C·m,A x s x m,1,Normativa (SI),Vigente
A27,,coulomb metre squared per volt,,C·m²/V,A² x  s⁴/kg,1,Normativa (SI),Vigente
A28,,coulomb per cubic centimetre,,C/cm³,10⁶ C/m³,1S,Normativa - múltiplos estándar,Vigente
A29,,coulomb per cubic metre,,C/m³,C/m³,1,Normativa (SI),Vigente
A3,,ampere per millimetre,,A/mm,10³ A/m,1S,Normativa - múltiplos estándar,Vigente
A30,,coulomb per cubic millimetre,,C/mm³,10⁹ C/m³,1S,Normativa - múltiplos estándar,Vigente
A31,,coulomb per kilogram second,,C/(kg·s),A/kg,1,Normativa (SI),Vigente
A32,,coulomb per mole,,C/mol,A x s/mol,1,Normativa (SI),Vigente
A33,,coulomb per square centimetre,,C/cm²,10⁴ C/m²,1S,Normativa - múltiplos estándar,Vigente
A34,,coulomb per square metre,,C/m²,C/m²,1,Normativa (SI),Vigente
A35,,coulomb per square millimetre,,C/mm²,10⁶ C/m²,1S,Normativa - múltiplos estándar,Vigente
A36,,cubic centimetre per mole,,cm³/mol,10⁻⁶ m³/mol,1S,Normativa - múltiplos estándar,Vigente
A37,,cubic decimetre per mole,,dm³/mol,10⁻³ m³/mol,1S,Normativa - múltiplos estándar,Vigente
A38,,cubic metre per coulomb,,m³/C,m³/A x s,1,Normativa (SI),Vigente
A39,,cubic metre per kilogram,,m³/kg,m³/kg,1,Normativa (SI),Vigente
A4,,ampere per square centimetre,,A/cm²,10⁴ A/m²,1S,Normativa - múltiplos estándar,Vigente
A40,,cubic metre per mole,,m³/mol,m³/mol,1,Normativa (SI),Vigente
A41,,ampere per square metre,,A/m²,A/m²,1,Normativa (SI),Vigente
A42,,curie per kilogram,,Ci/kg,"3,7 x 10¹⁰ Bq/kg",2,"Equivalente normativa (no SI: UK, US, etc.)",Vigente
A43,,deadweight tonnage,"A unit of mass defining the difference between the weight of a ship when completely empty and its weight when completely loaded, expressed as the number of tons.",dwt,,3.4,Informativa - unidades de envío y transporte,Vigente
A44,,decalitre,,dal,10⁻² m³,1M,Normativa - múltiplos de uso común,Vigente
A45,,decametre,,dam,10 m,1M,Normativa - múltiplos de uso común,Vigente
A47,,decitex,A unit of yarn density. One decitex equals a mass of 1 gram per 10 kilometres of length.,dtex (g/10km),,3.5,Informativa - unidades específicas de industria,Vigente
A48,,degree Rankine,Refer ISO 80000-5 (Quantities and units — Part 5: Thermodynamics),°R,5/9 x K,2,"Equivalente normativa (no SI: UK, US, etc.)",Vigente
A49,,denier,A unit of yarn density. One denier equals a mass of 1 gram per 9 kilometres of length.,den (g/9 km),,3.5,Informativa - unidades específicas de industria,Vigente
A5,,ampere square metre,,A·m²,A x m²,1,Normativa (SI),Vigente
A50,,dyne second per cubic centimetre,,dyn·s/cm³,10 Pa x s/m,2,"Equivalente normativa (no SI: UK, US, etc.)",Obsoleto (deprecated)
A51,,dyne second per centimetre,,dyn·s/cm,10⁻³ N x s/m,2,"Equivalente normativa (no SI: UK, US, etc.)",Obsoleto (deprecated)
A52,,dyne second per centimetre to the fifth power,,dyn·s/cm⁵,10⁵ Pa x s/m³,2,"Equivalente normativa (no SI: UK, US, etc.)",Obsoleto (deprecated)
A53,,electronvolt,,eV,"1,602 176 487 x 10⁻¹⁹ J",1,Normativa (SI),Vigente
A54,,electronvolt per metre,,eV/m,"1,602 176 487 x 10⁻¹⁹ J/m",1,Normativa (SI),Vigente
A55,,electronvolt square metre,,eV·m²,"1,602 176 487 x 10⁻¹⁹ J x m²",1,Normativa (SI),Vigente
A56,,electronvolt square metre per kilogram,,eV·m²/kg,"1,602 176 487 x 10⁻¹⁹ J x m²/kg",1,Normativa (SI),Vigente
A57,,erg,,erg,10⁻⁷J,2,"Equivalente normativa (no SI: UK, US, etc.)",Obsoleto (deprecated)
A58,,erg per centimetre,,erg/cm,10⁻⁵ J/m,2,"Equivalente normativa (no SI: UK, US, etc.)",Obsoleto (deprecated)
A59,,8-part cloud cover,"A unit of count defining the number of eighth-parts as a measure of the celestial dome cloud coverage.,Synonym: OKTA , OCTA",,,3.9,Informativa - varias,Vigente
A6,,ampere per square metre kelvin squared,,A/(m²·K²),A/(m² x K²),1,Normativa (SI),Vigente
A60,,erg per cubic centimetre,,erg/cm³,10⁻¹ J/m³,2,"Equivalente normativa (no SI: UK, US, etc.)",Obsoleto (deprecated)
A61,,erg per gram,,erg/g,10⁻⁴ J/kg,2,"Equivalente normativa (no SI: UK, US, etc.)",Obsoleto (deprecated)
A62,,erg per gram second,,erg/g·s,10⁻⁴ W/kg,2,"Equivalente normativa (no SI: UK, US, etc.)",Obsoleto (deprecated)
A63,,erg per second,,erg/s,10⁻⁷ W,2,"Equivalente normativa (no SI: UK, US, etc.)",Obsoleto (deprecated)
A64,,erg per second square centimetre,,erg/(s·cm²),10⁻³ W/m²,2,"Equivalente normativa (no SI: UK, US, etc.)",Obsoleto (deprecated)
A65,,erg per square centimetre second,,erg/(cm²·s),10⁻³ W/m²,2,"Equivalente normativa (no SI: UK, US, etc.)",Obsoleto (deprecated)
A66,,erg square centimetre,,erg·cm²,10⁻¹¹ J x m²,2,"Equivalente normativa (no SI: UK, US, etc.)",Obsoleto (deprecated)
A67,,erg square centimetre per gram,,erg·cm²/g,10⁻⁸ J x m²/kg,2,"Equivalente normativa (no SI: UK, US, etc.)",Obsoleto (deprecated)
A68,,exajoule,,EJ,10¹⁸ J,1S,Normativa - múltiplos estándar,Vigente
A69,,farad per metre,,F/m,kg⁻¹ x m⁻³ x s⁴ x A²,1,Normativa (SI),Vigente
A7,,ampere per square millimetre,,A/mm²,10⁶ A/m²,1S,Normativa - múltiplos estándar,Vigente
A70,,femtojoule,,fJ,10⁻¹⁵ J,1S,Normativa - múltiplos estándar,Vigente
A71,,femtometre,,fm,10⁻¹⁵ m,1S,Normativa - múltiplos estándar,Vigente
A73,,foot per second squared,,ft/s²,"0,304 8 m/s²",2,"Equivalente normativa (no SI: UK, US, etc.)",Vigente
A74,,foot pound-force per second,,ft·lbf/s,"1,355 818 W",2,"Equivalente normativa (no SI: UK, US, etc.)",Vigente
A75,,freight ton,"A unit of information typically used for billing purposes, defined as either the number of metric tons or the number of cubic metres, whichever is the larger.",,,3.4,Informativa - unidades de envío y transporte,Vigente
A76,,gal,,Gal,10⁻² m/s²,1S,Normativa - múltiplos estándar,Vigente
A77,,Gaussian CGS (Centimetre-Gram-Second system) unit of displacement,,,,3.5,Informativa - unidades específicas de industria,Obsoleto (deprecated)
A78,,Gaussian CGS (Centimetre-Gram-Second system) unit of electric current,,,,3.5,Informativa - unidades específicas de industria,Obsoleto (deprecated)
A79,,Gaussian CGS (Centimetre-Gram-Second system) unit of electric charge,,,,3.5,Informativa - unidades específicas de industria,Obsoleto (deprecated)
A8,,ampere second,,A·s,C,1,Normativa (SI),Vigente
A80,,Gaussian CGS (Centimetre-Gram-Second system) unit of electric field strength,,,,3.5,Informativa - unidades específicas de industria,Obsoleto (deprecated)
A81,,Gaussian CGS (Centimetre-Gram-Second system) unit of electric polarization,,,,3.5,Informativa - unidades específicas de industria,Obsoleto (deprecated)
A82,,Gaussian CGS (Centimetre-Gram-Second system) unit of electric potential,,,,3.5,Informativa - unidades específicas de industria,Obsoleto (deprecated)
A83,,Gaussian CGS (Centimetre-Gram-Second system) unit of magnetization,,,,3.5,Informativa - unidades específicas de industria,Obsoleto (deprecated)
A84,,gigacoulomb per cubic metre,,GC/m³,10⁹ C/m³,1S,Normativa - múltiplos estándar,Vigente
A85,,gigaelectronvolt,,GeV,10⁹ eV,1S,Normativa - múltiplos estándar,Vigente
A86,gigahercio,gigahertz,,GHz,10⁹ Hz,1S,Normativa - múltiplos estándar,Vigente
A87,,gigaohm,,GΩ,10⁹ Ω,1S,Normativa - múltiplos estándar,Vigente
A88,,gigaohm metre,,GΩ·m,10⁹ Ω x m,1S,Normativa - múltiplos estándar,Vigente
A89,,gigapascal,,GPa,10⁹ Pa,1S,Normativa - múltiplos estándar,Vigente
A9,,rate,A unit of quantity expressed as a rate for usage of a facility or service.,,,3.9,Informativa - varias,Vigente
A90,,gigawatt,,GW,10⁹ W,1S,Normativa - múltiplos estándar,Vigente
A91,,gon,Synonym: grade,gon,"1,570 796 x 10⁻² rad",2,"Equivalente normativa (no SI: UK, US, etc.)",Vigente
A93,,gram per cubic metre,,g/m³,10⁻³ kg/m³,1M,Normativa - múltiplos de uso común,Vigente
A94,,gram per mole,,g/mol,10⁻³ kg/mol,1S,Normativa - múltiplos estándar,Vigente
A95,,gray,,Gy,m²/s²,1,Normativa (SI),Vigente
A96,,gray per second,,Gy/s,m²/s³,1,Normativa (SI),Vigente
A97,,hectopascal,,hPa,10² Pa,1S,Normativa - múltiplos estándar,Vigente
A98,,henry per metre,,H/m,H/m,1,Normativa (SI),Vigente
A99,bit,bit,A unit of information equal to one binary digit.,bit,,3.6,Informativa - unidades de tecnología de la información,Vigente
AA,,ball,A unit of count defining the number of balls (ball: object formed in the shape of sphere).,,,3.9,Informativa - varias,Vigente
AB,,bulk pack,A unit of count defining the number of items per bulk pack.,pk,,3.9,Informativa - varias,Vigente
ACR,acre,acre,,acre,"4 046,873 m²",2,"Equivalente normativa (no SI: UK, US, etc.)",Vigente
ACT,,activity,A unit of count defining the number of activities (activity: a unit of work or action).,,,3.2,Informativa - unidades de venta,Vigente
AD,byte,byte,A unit of information equal to 8 bits.,byte,,3.6,Informativa - unidades de tecnología de la información,Vigente
AE,,ampere per metre,,A/m,A/m,1,Normativa (SI),Vigente
AH,,additional minute,A unit of time defining the number of minutes in addition to the referenced minutes.,,,3.5,Informativa - unidades específicas de industria,Vigente
AI,,average minute per call,A unit of count defining the number of minutes for the average interval of a call.,,,3.5,Informativa - unidades específicas de industria,Vigente
AJ,,cop,,,,3.9,Informativa - varias,Eliminado de la Rec. 20
AK,,fathom,,fth,"1,828 8 m",2,"Equivalente normativa (no SI: UK, US, etc.)",Vigente
AL,,access line,A unit of count defining the number of telephone access lines.,,,3.5,Informativa - unidades específicas de industria,Vigente
AM,,ampoule,"Use UN/ECE Recommendation 21 (refer to Note 2 in the spreadsheet introduction, 1st sheet).",,,3.3,Informativa - unidades de embalaje,Eliminado de la Rec. 20
AMH,,ampere hour,A unit of electric charge defining the amount of charge accumulated by a steady flow of one ampere for one hour.,A·h,"3,6 x 10³ C",1M,Normativa - múltiplos de uso común,Vigente
AMP,amperio,ampere,,A,A,1,Normativa (SI),Vigente
ANN,año,year,"Unit of time equal to 365,25 days.,Synonym: Julian year",y,"3,155 76 x 10⁷ s",2,"Equivalente normativa (no SI: UK, US, etc.)",Vigente
AP,,aluminium pound only,,,,3.1,Informativa - unidades base calificadas (niveles 1 y 2),Eliminado de la Rec. 20
APZ,onza troy,troy ounce or apothecary ounce,,tr oz,"3,110 348 x 10⁻³ kg",2,"Equivalente normativa (no SI: UK, US, etc.)",Vigente
AQ,,anti-hemophilic factor (AHF) unit,A unit of measure for blood potency (US).,,,3.9,Informativa - varias,Vigente
AR,,suppository,,,,3.3,Informativa - unidades de embalaje,Eliminado de la Rec. 20
ARE,área,are,Synonym: square decametre,a,10² m²,2.0,2.0,Obsoleto (deprecated)
AS,,assortment,A unit of count defining the number of assortments (assortment: set of items grouped in a mixed collection).,,,3.9,Informativa - varias,Vigente
ASM,,alcoholic strength by mass,A unit of mass defining the alcoholic strength of a liquid.,,,3.5,Informativa - unidades específicas de industria,Vigente
ASU,,alcoholic strength by volume,"A unit of volume defining the alcoholic strength of a liquid (e.g. spirit, wine, beer, etc), often at a specific temperature.",,,3.5,Informativa - unidades específicas de industria,Vigente
ATM,,standard atmosphere,,atm,1 013 25 Pa,1,Normativa (SI),Vigente
ATT,,technical atmosphere,,at,"98 066,5 Pa",2,"Equivalente normativa (no SI: UK, US, etc.)",Obsoleto (deprecated)
AV,,capsule,"Use UN/ECE Recommendation 21 (refer to Note 2 in the spreadsheet introduction, 1st sheet).",,,3.3,Informativa - unidades de embalaje,Eliminado de la Rec. 20
AW,,powder filled vial,,,,3.3,Informativa - unidades de embalaje,Eliminado de la Rec. 20
AWG,,american wire gauge,A unit of distance used for measuring the diameter of small tubes or wires such as the outer diameter of hypotermic or suture needles.,AWG,,2,"Equivalente normativa (no SI: UK, US, etc.)",Vigente
AY,,assembly,A unit of count defining the number of assemblies (assembly: items that consist of component parts).,,,3.9,Informativa - varias,Vigente
AZ,,British thermal unit (international table) per pound,,BtuIT/lb,2 326 J/kg,2,"Equivalente normativa (no SI: UK, US, etc.)",Vigente
B0,,Btu per cubic foot,,BTU/ft³,,3.9,Informativa - varias,Eliminado de la Rec. 20
B1,,barrel (US) per day,,barrel (US)/d,"1,840 13 x 10⁻⁶ m³/s",3.5,Informativa - unidades específicas de industria,Vigente
B10,,bit per second,A unit of information equal to one binary digit per second.,bit/s,,3.6,Informativa - unidades de tecnología de la información,Vigente
B11,,joule per kilogram kelvin,,J/(kg·K),J/(kg x K),1,Normativa (SI),Vigente
B12,,joule per metre,,J/m,J/m,1,Normativa (SI),Vigente
B13,,joule per square metre,Synonym: joule per metre squared,J/m²,J/m²,1,Normativa (SI),Vigente
B14,,joule per metre to the fourth power,,J/m⁴,J/m⁴,1,Normativa (SI),Vigente
B15,,joule per mole,,J/mol,J/mol,1,Normativa (SI),Vigente
B16,,joule per mole kelvin,,J/(mol·K),J/(mol x K),1,Normativa (SI),Vigente
B17,,credit,A unit of count defining the number of entries made to the credit side of an account.,,,3.9,Informativa - varias,Vigente
B18,,joule second,,J·s,J x s,1,Normativa (SI),Vigente
B19,,digit,A unit of information defining the quantity of numerals used to form a number.,,,3.7,Informativa - enteros / números / razones,Vigente
B2,,bunk,,,,3.9,Informativa - varias,Eliminado de la Rec. 20
B20,,joule square metre per kilogram,,J·m²/kg,J x m²/kg,1,Normativa (SI),Vigente
B21,,kelvin per watt,,K/W,K/W,1,Normativa (SI),Vigente
B22,,kiloampere,,kA,10³ A,1S,Normativa - múltiplos estándar,Vigente
B23,,kiloampere per square metre,,kA/m²,10³ A/m²,1S,Normativa - múltiplos estándar,Vigente
B24,,kiloampere per metre,,kA/m,10³ A/m,1S,Normativa - múltiplos estándar,Vigente
B25,,kilobecquerel per kilogram,,kBq/kg,10³ Bq/kg,1S,Normativa - múltiplos estándar,Vigente
B26,,kilocoulomb,,kC,10³ C,1S,Normativa - múltiplos estándar,Vigente
B27,,kilocoulomb per cubic metre,,kC/m³,10³ C/m³,1S,Normativa - múltiplos estándar,Vigente
B28,,kilocoulomb per square metre,,kC/m²,10³ C/m²,1S,Normativa - múltiplos estándar,Vigente
B29,,kiloelectronvolt,,keV,10³ eV,1S,Normativa - múltiplos estándar,Vigente
B3,,batting pound,A unit of mass defining the number of pounds of wadded fibre.,,,3.1,Informativa - unidades base calificadas (niveles 1 y 2),Vigente
B30,,gibibit,A unit of information equal to 2³⁰ bits (binary digits).,Gibit,,3.6,Informativa - unidades de tecnología de la información,Vigente
B31,,kilogram metre per second,,kg·m/s,kg x m/s,1,Normativa (SI),Vigente
B32,,kilogram metre squared,,kg·m²,kg x m²,1,Normativa (SI),Vigente
B33,,kilogram metre squared per second,,kg·m²/s,kg x m²/s,1,Normativa (SI),Vigente
B34,,kilogram per cubic decimetre,,kg/dm³,10³ kg/m³,1S,Normativa - múltiplos estándar,Vigente
B35,,kilogram per litre,,kg/l or kg/L,10³ kg/m³,1S,Normativa - múltiplos estándar,Vigente
B36,,calorie (thermochemical) per gram,,calth/g,4 184 J/kg,2,"Equivalente normativa (no SI: UK, US, etc.)",Obsoleto (deprecated)
B37,,kilogram-force,,kgf,"9,806 65 N",2,"Equivalente normativa (no SI: UK, US, etc.)",Obsoleto (deprecated)
B38,,kilogram-force metre,,kgf·m,"9,806 65 N x m",2,"Equivalente normativa (no SI: UK, US, etc.)",Obsoleto (deprecated)
B39,,kilogram-force metre per second,,kgf·m/s,"9,806 65 W",2,"Equivalente normativa (no SI: UK, US, etc.)",Obsoleto (deprecated)
B4,,"barrel, imperial",A unit of volume used to measure beer.  One beer barrel equals 36 imperial gallons.,,,3.5,Informativa - unidades específicas de industria,Vigente
B40,,kilogram-force per square metre,,kgf/m²,"9,806 65 Pa",2,"Equivalente normativa (no SI: UK, US, etc.)",Obsoleto (deprecated)
B41,,kilojoule per kelvin,,kJ/K,10³ J/K,1S,Normativa - múltiplos estándar,Vigente
B42,,kilojoule per kilogram,,kJ/kg,10³ J/kg,1S,Normativa - múltiplos estándar,Vigente
B43,,kilojoule per kilogram kelvin,,kJ/(kg·K),10³ J/(kg x K),1S,Normativa - múltiplos estándar,Vigente
B44,,kilojoule per mole,,kJ/mol,10³ J/mol,1S,Normativa - múltiplos estándar,Vigente
B45,,kilomole,,kmol,10³ mol,1S,Normativa - múltiplos estándar,Vigente
B46,,kilomole per cubic metre,,kmol/m³,10³ mol/m³,1S,Normativa - múltiplos estándar,Vigente
B47,,kilonewton,,kN,10³ N,1S,Normativa - múltiplos estándar,Vigente
B48,,kilonewton metre,,kN·m,10³ N x m,1S,Normativa - múltiplos estándar,Vigente
B49,,kiloohm,,kΩ,10³ Ω,1S,Normativa - múltiplos estándar,Vigente
B5,,billet,,,,3.9,Informativa - varias,Eliminado de la Rec. 20
B50,,kiloohm metre,,kΩ·m,10³ Ω x m,1S,Normativa - múltiplos estándar,Vigente
B51,,kilopond,Synonym: kilogram-force,kp,"9,806 65 N",2,"Equivalente normativa (no SI: UK, US, etc.)",Obsoleto (deprecated)
B52,,kilosecond,,ks,10³ s,1S,Normativa - múltiplos estándar,Vigente
B53,,kilosiemens,,kS,10³ S,1S,Normativa - múltiplos estándar,Vigente
B54,,kilosiemens per metre,,kS/m,10³ S/m,1S,Normativa - múltiplos estándar,Vigente
B55,,kilovolt per metre,,kV/m,10³ V/m,1S,Normativa - múltiplos estándar,Vigente
B56,,kiloweber per metre,,kWb/m,10³ Wb/m,1S,Normativa - múltiplos estándar,Vigente
B57,,light year,A unit of length defining the distance that light travels in a vacuum in one year.,ly,"9,460 73 x 10¹⁵ m",2,"Equivalente normativa (no SI: UK, US, etc.)",Vigente
B58,,litre per mole,,l/mol,10⁻³ m³/mol,1M,Normativa - múltiplos de uso común,Vigente
B59,,lumen hour,,lm·h,"3,6 x 10³ s x cd x sr",1S,Normativa - múltiplos estándar,Vigente
B6,,bun,,,,3.9,Informativa - varias,Eliminado de la Rec. 20
B60,,lumen per square metre,,lm/m²,cd x sr/m²,1,Normativa (SI),Vigente
B61,,lumen per watt,,lm/W,cd x sr/W,1,Normativa (SI),Vigente
B62,,lumen second,,lm·s,s x cd x sr,1,Normativa (SI),Vigente
B63,,lux hour,,lx·h,"3,6 x 10³ s x cd x sr / m²",1S,Normativa - múltiplos estándar,Vigente
B64,,lux second,,lx·s,s x cd x sr / m²,1,Normativa (SI),Vigente
B65,,maxwell,,Mx,10⁻⁸ Wb,3.5,Informativa - unidades específicas de industria,Obsoleto (deprecated)
B66,,megaampere per square metre,,MA/m²,10⁶ A/m²,1S,Normativa - múltiplos estándar,Vigente
B67,,megabecquerel per kilogram,,MBq/kg,10⁶ Bq/kg,1S,Normativa - múltiplos estándar,Vigente
B68,,gigabit,A unit of information equal to 10⁹ bits (binary digits).,Gbit,,3.6,Informativa - unidades de tecnología de la información,Vigente
B69,,megacoulomb per cubic metre,,MC/m³,10⁶ C/m³,1S,Normativa - múltiplos estándar,Vigente
B7,,cycle,A unit of count defining the number of cycles (cycle: a recurrent period of definite duration).,,,3.9,Informativa - varias,Vigente
B70,,megacoulomb per square metre,,MC/m²,10⁶ C/m²,1S,Normativa - múltiplos estándar,Vigente
B71,,megaelectronvolt,,MeV,10⁶ eV,1S,Normativa - múltiplos estándar,Vigente
B72,,megagram per cubic metre,,Mg/m³,10³ kg/m³,1S,Normativa - múltiplos estándar,Vigente
B73,,meganewton,,MN,10⁶ N,1S,Normativa - múltiplos estándar,Vigente
B74,,meganewton metre,,MN·m,10⁶ N x m,1S,Normativa - múltiplos estándar,Vigente
B75,,megaohm,,MΩ,10⁶ Ω,1S,Normativa - múltiplos estándar,Vigente
B76,,megaohm metre,,MΩ·m,10⁶ Ω x m,1S,Normativa - múltiplos estándar,Vigente
B77,,megasiemens per metre,,MS/m,10⁶ S/m,1S,Normativa - múltiplos estándar,Vigente
B78,,megavolt,,MV,10⁶ V,1S,Normativa - múltiplos estándar,Vigente
B79,,megavolt per metre,,MV/m,10⁶ V/m,1S,Normativa - múltiplos estándar,Vigente
B8,,joule per cubic metre,,J/m³,J/m³,1,Normativa (SI),Vigente
B80,,gigabit per second,A unit of information equal to 10⁹ bits (binary digits) per second.,Gbit/s,,3.6,Informativa - unidades de tecnología de la información,Vigente
B81,,reciprocal metre squared reciprocal second,,m⁻²/s,m⁻²/s,1,Normativa (SI),Vigente
B82,,inch per linear foot,A unit of length defining the number of inches per linear foot.,,,3.1,Informativa - unidades base calificadas (niveles 1 y 2),Vigente
B83,,metre to the fourth power,,m⁴,m⁴,1,Normativa (SI),Vigente
B84,,microampere,,µA,10⁻⁶ A,1S,Normativa - múltiplos estándar,Vigente
B85,,microbar,,µbar,10⁻¹ Pa,1S,Normativa - múltiplos estándar,Vigente
B86,,microcoulomb,,µC,10⁻⁶ C,1S,Normativa - múltiplos estándar,Vigente
B87,,microcoulomb per cubic metre,,µC/m³,10⁻⁶ C/m³,1S,Normativa - múltiplos estándar,Vigente
B88,,microcoulomb per square metre,,µC/m²,10⁻⁶ C/m²,1S,Normativa - múltiplos estándar,Vigente
B89,,microfarad per metre,,µF/m,10⁻⁶ F/m,1S,Normativa - múltiplos estándar,Vigente
B9,,batt,,,,3.9,Informativa - varias,Eliminado de la Rec. 20
B90,,microhenry,,µH,10⁻⁶ H,1S,Normativa - múltiplos estándar,Vigente
B91,,microhenry per metre,,µH/m,10⁻⁶ H/m,1S,Normativa - múltiplos estándar,Vigente
B92,,micronewton,,µN,10⁻⁶ N,1S,Normativa - múltiplos estándar,Vigente
B93,,micronewton metre,,µN·m,10⁻⁶ N x m,1S,Normativa - múltiplos estándar,Vigente
B94,,microohm,,µΩ,10⁻⁶ Ω,1S,Normativa - múltiplos estándar,Vigente
B95,,microohm metre,,µΩ·m,10⁻⁶ Ω x m,1S,Normativa - múltiplos estándar,Vigente
B96,,micropascal,,µPa,10⁻⁶ Pa,1S,Normativa - múltiplos estándar,Vigente
B97,,microradian,,µrad,10⁻⁶ rad,1S,Normativa - múltiplos estándar,Vigente
B98,microsegundo,microsecond,,µs,10⁻⁶ s,1S,Normativa - múltiplos estándar,Vigente
B99,,microsiemens,,µS,10⁻⁶ S,1S,Normativa - múltiplos estándar,Vigente
BAR,bar,bar [unit of pressure],,bar,10⁵ Pa,1,Normativa (SI),Vigente
BB,,base box,"A unit of area of 112 sheets of tin mil products (tin plate, tin free steel or black plate) 14 by 20 inches, or 31,360 square inches.",,,3.5,Informativa - unidades específicas de industria,Vigente
BD,,board,"Use UN/ECE Recommendation 21 (refer to Note 2 in the spreadsheet introduction, 1st sheet).",,,3.3,Informativa - unidades de embalaje,Eliminado de la Rec. 20
BE,bulto (fardo),bundle,"Use UN/ECE Recommendation 21 (refer to Note 2 in the spreadsheet introduction, 1st sheet).",,,3.3,Informativa - unidades de embalaje,Eliminado de la Rec. 20
BFT,,board foot,A unit of volume defining the number of cords (cord: a stack of firewood of 128 cubic feet).,fbm,,3.5,Informativa - unidades específicas de industria,Vigente
BG,bolsa,bag,"Use UN/ECE Recommendation 21 (refer to Note 2 in the spreadsheet introduction, 1st sheet).",,,3.3,Informativa - unidades de embalaje,Eliminado de la Rec. 20
BH,,brush,,,,3.9,Informativa - varias,Eliminado de la Rec. 20
BHP,,brake horse power,,BHP,"7,457 x 10² W",2,"Equivalente normativa (no SI: UK, US, etc.)",Vigente
BIL,,billion (EUR),Synonym: trillion (US),,10¹²,3.7,Informativa - enteros / números / razones,Vigente
BJ,balde,bucket,"Use UN/ECE Recommendation 21 (refer to Note 2 in the spreadsheet introduction, 1st sheet).",,,3.3,Informativa - unidades de embalaje,Eliminado de la Rec. 20
BK,,basket,"Use UN/ECE Recommendation 21 (refer to Note 2 in the spreadsheet introduction, 1st sheet).",,,3.3,Informativa - unidades de embalaje,Eliminado de la Rec. 20
BL,,bale,"Use UN/ECE Recommendation 21 (refer to Note 2 in the spreadsheet introduction, 1st sheet).",,,3.3,Informativa - unidades de embalaje,Eliminado de la Rec. 20
BLD,barril seco (EE.UU.),dry barrel (US),,bbl (US),"1,156 27 x 10⁻¹ m³",2,"Equivalente normativa (no SI: UK, US, etc.)",Vigente
BLL,"barril (petróleo, EE.UU.)",barrel (US),,barrel (US),"158,987 3 x 10⁻³ m³",2,"Equivalente normativa (no SI: UK, US, etc.)",Vigente
BO,botella,bottle,"Use UN/ECE Recommendation 21 (refer to Note 2 in the spreadsheet introduction, 1st sheet).",,,3.3,Informativa - unidades de embalaje,Eliminado de la Rec. 20
BP,,hundred board foot,A unit of volume equal to one hundred board foot.,,,3.5,Informativa - unidades específicas de industria,Vigente
BPM,,beats per minute,The number of beats per minute.,BPM,1.667 x 10-2 /s,3.1,Informativa - unidades base calificadas (niveles 1 y 2),Vigente
BQL,,becquerel,,Bq,"27,027 x 10⁻¹² Ci",1,Normativa (SI),Vigente
BR,,bar [unit of packaging],"Use UN/ECE Recommendation 21 (refer to Note 2 in the spreadsheet introduction, 1st sheet).",,,3.3,Informativa - unidades de embalaje,Eliminado de la Rec. 20
BT,,bolt,"Use UN/ECE Recommendation 21 (refer to Note 2 in the spreadsheet introduction, 1st sheet).",,,3.3,Informativa - unidades de embalaje,Eliminado de la Rec. 20
BTU,unidad térmica británica (BTU),British thermal unit (international table),,BtuIT,"1,055 056 x 10³ J",2,"Equivalente normativa (no SI: UK, US, etc.)",Vigente
BUA,bushel (EE.UU.),bushel (US),,bu (US),"3,523 907 x 10⁻² m³",2,"Equivalente normativa (no SI: UK, US, etc.)",Vigente
BUI,bushel (Reino Unido),bushel (UK),,bushel (UK),"3,636 872 x 10⁻² m³",2,"Equivalente normativa (no SI: UK, US, etc.)",Vigente
BW,,base weight,,,,3.9,Informativa - varias,Eliminado de la Rec. 20
BX,caja,box,"Use UN/ECE Recommendation 21 (refer to Note 2 in the spreadsheet introduction, 1st sheet).",,,3.3,Informativa - unidades de embalaje,Eliminado de la Rec. 20
BZ,,million BTUs,,,,3.8,Informativa - múltiplos / fracciones / decimales,Eliminado de la Rec. 20
C0,,call,A unit of count defining the number of calls (call: communication session or visitation).,,,3.5,Informativa - unidades específicas de industria,Vigente
C1,,composite product pound (total weight),,,,3.9,Informativa - varias,Eliminado de la Rec. 20
C10,,millifarad,,mF,10⁻³ F,1S,Normativa - múltiplos estándar,Vigente
C11,,milligal,,mGal,10⁻⁵ m/s²,1M,Normativa - múltiplos de uso común,Vigente
C12,,milligram per metre,,mg/m,10⁻⁶ kg/m,1S,Normativa - múltiplos estándar,Vigente
C13,,milligray,,mGy,10⁻³ Gy,1S,Normativa - múltiplos estándar,Vigente
C14,,millihenry,,mH,10⁻³ H,1S,Normativa - múltiplos estándar,Vigente
C15,,millijoule,,mJ,10⁻³ J,1S,Normativa - múltiplos estándar,Vigente
C16,,millimetre per second,,mm/s,10⁻³ m/s,1S,Normativa - múltiplos estándar,Vigente
C17,,millimetre squared per second,,mm²/s,10⁻⁶ m²/s,1S,Normativa - múltiplos estándar,Vigente
C18,,millimole,,mmol,10⁻³ mol,1S,Normativa - múltiplos estándar,Vigente
C19,,mole per kilogram,,mol/kg,mol/kg,1,Normativa (SI),Vigente
C2,,carset,,,,3.5,Informativa - unidades específicas de industria,Eliminado de la Rec. 20
C20,,millinewton,,mN,10⁻³ N,1S,Normativa - múltiplos estándar,Vigente
C21,,kibibit,A unit of information equal to 2¹⁰ (1024) bits (binary digits).,Kibit,,3.6,Informativa - unidades de tecnología de la información,Vigente
C22,,millinewton per metre,,mN/m,10⁻³ N/m,1S,Normativa - múltiplos estándar,Vigente
C23,,milliohm metre,,mΩ·m,10⁻³ Ω x m,1S,Normativa - múltiplos estándar,Vigente
C24,,millipascal second,,mPa·s,10⁻³ Pa x s,1S,Normativa - múltiplos estándar,Vigente
C25,,milliradian,,mrad,10⁻³ rad,1S,Normativa - múltiplos estándar,Vigente
C26,milisegundo,millisecond,,ms,10⁻³ s,1S,Normativa - múltiplos estándar,Vigente
C27,,millisiemens,,mS,10⁻³ S,1S,Normativa - múltiplos estándar,Vigente
C28,,millisievert,,mSv,10⁻³ Sv,1S,Normativa - múltiplos estándar,Vigente
C29,,millitesla,,mT,10⁻³ T,1S,Normativa - múltiplos estándar,Vigente
C3,,microvolt per metre,,µV/m,10⁻⁶ V/m,1S,Normativa - múltiplos estándar,Vigente
C30,,millivolt per metre,,mV/m,10⁻³ V/m,1S,Normativa - múltiplos estándar,Vigente
C31,,milliwatt,,mW,10⁻³ W,1S,Normativa - múltiplos estándar,Vigente
C32,,milliwatt per square metre,,mW/m²,10⁻³ W/m²,1S,Normativa - múltiplos estándar,Vigente
C33,,milliweber,,mWb,10⁻³ Wb,1S,Normativa - múltiplos estándar,Vigente
C34,,mole,,mol,mol,1,Normativa (SI),Vigente
C35,,mole per cubic decimetre,,mol/dm³,10³ mol/m³,1S,Normativa - múltiplos estándar,Vigente
C36,,mole per cubic metre,,mol/m³,mol/m³,1,Normativa (SI),Vigente
C37,,kilobit,A unit of information equal to 10³ (1000) bits (binary digits).,kbit,,3.6,Informativa - unidades de tecnología de la información,Vigente
C38,,mole per litre,,mol/l,10³ mol/m³,1,Normativa (SI),Vigente
C39,,nanoampere,,nA,10⁻⁹ A,1S,Normativa - múltiplos estándar,Vigente
C4,,carload,,,,3.5,Informativa - unidades específicas de industria,Eliminado de la Rec. 20
C40,,nanocoulomb,,nC,10⁻⁹ C,1S,Normativa - múltiplos estándar,Vigente
C41,,nanofarad,,nF,10⁻⁹ F,1S,Normativa - múltiplos estándar,Vigente
C42,,nanofarad per metre,,nF/m,10⁻⁹ F/m,1S,Normativa - múltiplos estándar,Vigente
C43,,nanohenry,,nH,10⁻⁹ H,1S,Normativa - múltiplos estándar,Vigente
C44,,nanohenry per metre,,nH/m,10⁻⁹ H/m,1S,Normativa - múltiplos estándar,Vigente
C45,nanómetro,nanometre,,nm,10⁻⁹ m,1S,Normativa - múltiplos estándar,Vigente
C46,,nanoohm metre,,nΩ·m,10⁻⁹ Ω·x m,1S,Normativa - múltiplos estándar,Vigente
C47,nanosegundo,nanosecond,,ns,10⁻⁹ s,1S,Normativa - múltiplos estándar,Vigente
C48,,nanotesla,,nT,10⁻⁹ T,1S,Normativa - múltiplos estándar,Vigente
C49,,nanowatt,,nW,10⁻⁹ W,1S,Normativa - múltiplos estándar,Vigente
C5,,cost,,,,3.9,Informativa - varias,Eliminado de la Rec. 20
C50,,neper,,Np,Np,1,Normativa (SI),Vigente
C51,,neper per second,,Np/s,Np/s,1,Normativa (SI),Vigente
C52,,picometre,,pm,10⁻¹² m,1S,Normativa - múltiplos estándar,Vigente
C53,,newton metre second,,N·m·s,N x m x s,1,Normativa (SI),Vigente
C54,,newton metre squared per kilogram squared,,N·m²/kg²,N x m²/kg²,1,Normativa (SI),Vigente
C55,,newton per square metre,,N/m²,Pa,1S,Normativa - múltiplos estándar,Vigente
C56,,newton per square millimetre,,N/mm²,10⁶ Pa,1S,Normativa - múltiplos estándar,Vigente
C57,,newton second,,N·s,N x s,1,Normativa (SI),Vigente
C58,,newton second per metre,,N·s/m,N x s/m,1,Normativa (SI),Vigente
C59,,octave,A unit used in music to describe the ratio in frequency between notes.,,,1,Normativa (SI),Vigente
C6,,cell,,,,3.9,Informativa - varias,Eliminado de la Rec. 20
C60,,ohm centimetre,,Ω·cm,10⁻² Ω x m ,1S,Normativa - múltiplos estándar,Vigente
C61,,ohm metre,,Ω·m,Ω x m,1,Normativa (SI),Vigente
C62,uno (unidad),one,Synonym: unit,1,1,1,Normativa (SI),Vigente
C63,,parsec,,pc,"3,085 678 x 10¹⁶ m",1,Normativa (SI),Vigente
C64,,pascal per kelvin,,Pa/K,Pa/K,1,Normativa (SI),Vigente
C65,,pascal second,,Pa·s,Pa x s,1,Normativa (SI),Vigente
C66,,pascal second per cubic metre,,Pa·s/m³,Pa x s/m³,1,Normativa (SI),Vigente
C67,,pascal second per metre,,Pa· s/m,Pa x s/m,1,Normativa (SI),Vigente
C68,,petajoule,,PJ,10¹⁵ J,1S,Normativa - múltiplos estándar,Vigente
C69,,phon,A unit of subjective sound loudness. A sound has loudness p phons if it seems to the listener to be equal in loudness to the sound of a pure tone of frequency 1 kilohertz and strength p decibels.,,,1,Normativa (SI),Vigente
C7,,centipoise,,cP,10⁻³ Pa x s,2,"Equivalente normativa (no SI: UK, US, etc.)",Vigente
C70,,picoampere,,pA,10⁻¹² A,1S,Normativa - múltiplos estándar,Vigente
C71,,picocoulomb,,pC,10⁻¹² C,1S,Normativa - múltiplos estándar,Vigente
C72,,picofarad per metre,,pF/m,10⁻¹² F/m,1S,Normativa - múltiplos estándar,Vigente
C73,,picohenry,,pH,10⁻¹² H,1S,Normativa - múltiplos estándar,Vigente
C74,,kilobit per second,A unit of information equal to 10³ (1000) bits (binary digits) per second.,kbit/s,10³ bit/s,3.6,Informativa - unidades de tecnología de la información,Vigente
C75,,picowatt,,pW,10⁻¹² W,1S,Normativa - múltiplos estándar,Vigente
C76,,picowatt per square metre,,pW/m²,10⁻¹² W/m²,1S,Normativa - múltiplos estándar,Vigente
C77,,pound gage,,,,3.1,Informativa - unidades base calificadas (niveles 1 y 2),Eliminado de la Rec. 20
C78,,pound-force,,lbf,"4,448 222 N",2,"Equivalente normativa (no SI: UK, US, etc.)",Vigente
C79,,kilovolt ampere hour,A unit of accumulated energy of 1000 volt amperes over a period of one hour.,kVAh,,3.1,Informativa - unidades base calificadas (niveles 1 y 2),Vigente
C8,,millicoulomb per kilogram,,mC/kg,10⁻³ C/kg,1S,Normativa - múltiplos estándar,Vigente
C80,,rad,,rad,10⁻² Gy,2,"Equivalente normativa (no SI: UK, US, etc.)",Vigente
C81,,radian,,rad,rad,1,Normativa (SI),Vigente
C82,,radian square metre per mole,,rad·m²/mol,rad x m²/mol,1,Normativa (SI),Vigente
C83,,radian square metre per kilogram,,rad·m²/kg,rad x m²/kg,1,Normativa (SI),Vigente
C84,,radian per metre,,rad/m,rad/m,1,Normativa (SI),Vigente
C85,,reciprocal angstrom,,Å⁻¹,10¹⁰ m⁻¹,1,Normativa (SI),Vigente
C86,,reciprocal cubic metre,,m⁻³,m⁻³,1,Normativa (SI),Vigente
C87,,reciprocal cubic metre per second,Synonym: reciprocal second per cubic metre,m⁻³/s,m⁻³/s,1,Normativa (SI),Vigente
C88,,reciprocal electron volt per cubic metre,,eV⁻¹/m³,"6,241 46 x 10¹⁸ J⁻¹/m³",1,Normativa (SI),Vigente
C89,,reciprocal henry,,H⁻¹,H⁻¹,1,Normativa (SI),Vigente
C9,,coil group,A unit of count defining the number of coil groups (coil group: groups of items arranged by lengths of those items placed in a joined sequence of concentric circles).,,,3.9,Informativa - varias,Vigente
C90,,reciprocal joule per cubic metre,,J⁻¹/m³,J⁻¹/m³,1,Normativa (SI),Vigente
C91,,reciprocal kelvin or kelvin to the power minus one,,K⁻¹,K⁻¹,1,Normativa (SI),Vigente
C92,,reciprocal metre,,m⁻¹,m⁻¹,1,Normativa (SI),Vigente
C93,,reciprocal square metre,Synonym: reciprocal metre squared,m⁻²,m⁻²,1,Normativa (SI),Vigente
C94,,reciprocal minute,,min⁻¹,"1,666 667 x 10⁻² s",1S,Normativa - múltiplos estándar,Vigente
C95,,reciprocal mole,,mol⁻¹,mol⁻¹,1,Normativa (SI),Vigente
C96,,reciprocal pascal or pascal to the power minus one,,Pa⁻¹,Pa⁻¹,1,Normativa (SI),Vigente
C97,,reciprocal second,,s⁻¹,s⁻¹,1,Normativa (SI),Vigente
C98,,reciprocal second per cubic metre,,s⁻¹/m³,s⁻¹/m³,1,Normativa (SI),Eliminado de la Rec. 20
C99,,reciprocal second per metre squared,,s⁻¹/m²,s⁻¹/m²,1,Normativa (SI),Vigente
CA,lata,can,"Use UN/ECE Recommendation 21 (refer to Note 2 in the spreadsheet introduction, 1st sheet).",,,3.3,Informativa - unidades de embalaje,Eliminado de la Rec. 20
CCT,,carrying capacity in metric ton,"A unit of mass defining the carrying capacity, expressed as the number of metric tons.",,,3.4,Informativa - unidades de envío y transporte,Vigente
CDL,candela,candela,,cd,cd,1,Normativa (SI),Vigente
CEL,grado Celsius,degree Celsius,Refer ISO 80000-5 (Quantities and units — Part 5: Thermodynamics),°C,1 x K,1,Normativa (SI),Vigente
CEN,ciento,hundred,A unit of count defining the number of units in multiples of 100.,,100,3.7,Informativa - enteros / números / razones,Vigente
CG,,card,A unit of count defining the number of units of card (card: thick stiff paper or cardboard).,,,3.9,Informativa - varias,Vigente
CGM,,centigram,,cg,10⁻⁵ kg,1M,Normativa - múltiplos de uso común,Vigente
CH,contenedor,container,"Use UN/ECE Recommendation 21 (refer to Note 2 in the spreadsheet introduction, 1st sheet).",,,3.4,Informativa - unidades de envío y transporte,Eliminado de la Rec. 20
CJ,,cone,"Use UN/ECE Recommendation 21 (refer to Note 2 in the spreadsheet introduction, 1st sheet).",,,3.9,Informativa - varias,Eliminado de la Rec. 20
CK,,connector,,,,3.9,Informativa - varias,Eliminado de la Rec. 20
CKG,,coulomb per kilogram,,C/kg,A x s/kg,1,Normativa (SI),Vigente
CL,,coil,"Use UN/ECE Recommendation 21 (refer to Note 2 in the spreadsheet introduction, 1st sheet).",,,3.3,Informativa - unidades de embalaje,Eliminado de la Rec. 20
CLF,,hundred leave,"A unit of count defining the number of leaves, expressed in units of one hundred leaves.",,,3.8,Informativa - múltiplos / fracciones / decimales,Vigente
CLT,centilitro,centilitre,,cl,10⁻⁵ m³,1S,Normativa - múltiplos estándar,Vigente
CMK,centímetro cuadrado,square centimetre,,cm²,10⁻⁴ m²,1S,Normativa - múltiplos estándar,Vigente
CMQ,centímetro cúbico,cubic centimetre,,cm³,10⁻⁶ m³,1S,Normativa - múltiplos estándar,Vigente
CMT,centímetro,centimetre,,cm,10⁻² m,"1S,3.5",Normativa - múltiplos estándar | Informativa - unidades específicas de industria,Vigente
CNP,,hundred pack,A unit of count defining the number of hundred-packs (hundred-pack: set of one hundred items packaged together).,,,"3.2,3.8",Informativa - unidades de venta | Informativa - múltiplos / fracciones / decimales,Vigente
CNT,,cental (UK),A unit of mass equal to one hundred weight (US).,,"45,359 237 kg",3.5,Informativa - unidades específicas de industria,Vigente
CO,,carboy,"Use UN/ECE Recommendation 21 (refer to Note 2 in the spreadsheet introduction, 1st sheet).",,,3.3,Informativa - unidades de embalaje,Eliminado de la Rec. 20
COU,,coulomb,,C,A x s,1,Normativa (SI),Vigente
CQ,,cartridge,"Use UN/ECE Recommendation 21 (refer to Note 2 in the spreadsheet introduction, 1st sheet).",,,3.9,Informativa - varias,Eliminado de la Rec. 20
CR,,crate,"Use UN/ECE Recommendation 21 (refer to Note 2 in the spreadsheet introduction, 1st sheet).",,,3.3,Informativa - unidades de embalaje,Eliminado de la Rec. 20
CS,estuche,case,"Use UN/ECE Recommendation 21 (refer to Note 2 in the spreadsheet introduction, 1st sheet).",,,3.3,Informativa - unidades de embalaje,Eliminado de la Rec. 20
CT,cartón,carton,"Use UN/ECE Recommendation 21 (refer to Note 2 in the spreadsheet introduction, 1st sheet).",,,3.3,Informativa - unidades de embalaje,Eliminado de la Rec. 20
CTG,,content gram,A unit of mass defining the number of grams of a named item in a product.,,,3.1,Informativa - unidades base calificadas (niveles 1 y 2),Vigente
CTM,quilate métrico,metric carat,,,200 mg,3.5,Informativa - unidades específicas de industria,Vigente
CTN,,content ton (metric),A unit of mass defining the number of metric tons of a named item in a product.,,,3.1,Informativa - unidades base calificadas (niveles 1 y 2),Vigente
CU,,cup,"Use UN/ECE Recommendation 21 (refer to Note 2 in the spreadsheet introduction, 1st sheet).",,,3.3,Informativa - unidades de embalaje,Eliminado de la Rec. 20
CUR,,curie,,Ci,"3,7 x 10¹⁰ Bq",2,"Equivalente normativa (no SI: UK, US, etc.)",Vigente
CV,,cover,"Use UN/ECE Recommendation 21 (refer to Note 2 in the spreadsheet introduction, 1st sheet).",,,3.3,Informativa - unidades de embalaje,Eliminado de la Rec. 20
CWA,"quintal corto (100 lb, EE.UU.)",hundred pound (cwt) / hundred weight (US),,cwt (US),"45,359 2 kg",2,"Equivalente normativa (no SI: UK, US, etc.)",Vigente
CWI,"quintal largo (112 lb, R.U.)",hundred weight (UK),,cwt (UK),"50,802 35 kg",2,"Equivalente normativa (no SI: UK, US, etc.)",Vigente
CY,cilindro,cylinder,"Use UN/ECE Recommendation 21 (refer to Note 2 in the spreadsheet introduction, 1st sheet).",,,3.3,Informativa - unidades de embalaje,Eliminado de la Rec. 20
CZ,,combo,,,,3.9,Informativa - varias,Eliminado de la Rec. 20
D03,,kilowatt hour per hour,A unit of accumulated energy of a thousand watts over a period of one hour.,kW·h/h,,3.1,Informativa - unidades base calificadas (niveles 1 y 2),Vigente
D04,,lot [unit of weight],A unit of weight equal to about 1/2 ounce or 15 grams.,,,3.2,Informativa - unidades de venta,Vigente
D1,,reciprocal second per steradian,,s⁻¹/sr,s⁻¹/sr,1,Normativa (SI),Vigente
D10,,siemens per metre,,S/m,S/m,1,Normativa (SI),Vigente
D11,,mebibit,A unit of information equal to 2²⁰ (1048576) bits (binary digits).,Mibit,,3.6,Informativa - unidades de tecnología de la información,Vigente
D12,,siemens square metre per mole,,S·m²/mol,S x m²/mol,1,Normativa (SI),Vigente
D13,,sievert,,Sv,m²/s²,1,Normativa (SI),Vigente
D14,,thousand linear yard,,,,3.8,Informativa - múltiplos / fracciones / decimales,Eliminado de la Rec. 20
D15,,sone,A unit of subjective sound loudness. One sone is the loudness of a pure tone of frequency one kilohertz and strength 40 decibels.,,,1,Normativa (SI),Vigente
D16,,square centimetre per erg,,cm²/erg,10³ m²/J,2,"Equivalente normativa (no SI: UK, US, etc.)",Vigente
D17,,square centimetre per steradian erg,,cm²/(sr·erg),10³ m²/(sr x J),2,"Equivalente normativa (no SI: UK, US, etc.)",Vigente
D18,,metre kelvin,,m·K,m x K,1,Normativa (SI),Vigente
D19,,square metre kelvin per watt,,m²·K/W,m² x K/W,1,Normativa (SI),Vigente
D2,,reciprocal second per steradian metre squared,,s⁻¹/(sr·m²),s⁻¹/(sr x m²),1,Normativa (SI),Vigente
D20,,square metre per joule,,m²/J,m²/J,1,Normativa (SI),Vigente
D21,,square metre per kilogram,,m²/kg,m²/kg,1,Normativa (SI),Vigente
D22,,square metre per mole,,m²/mol,m²/mol,1,Normativa (SI),Vigente
D23,,pen gram (protein),A unit of count defining the number of grams of amino acid prescribed for parenteral/enteral therapy.,,,3.9,Informativa - varias,Vigente
D24,,square metre per steradian,,m²/sr,m²/sr,1,Normativa (SI),Vigente
D25,,square metre per steradian joule,,m²/(sr·J),m²/(sr x J),1,Normativa (SI),Vigente
D26,,square metre per volt second,,m²/(V·s),m²/(V x s),1,Normativa (SI),Vigente
D27,,steradian,,sr,sr,1,Normativa (SI),Vigente
D28,,syphon,,,,3.9,Informativa - varias,Eliminado de la Rec. 20
D29,,terahertz,,THz,10¹² Hz,1S,Normativa - múltiplos estándar,Vigente
D30,,terajoule,,TJ,10¹² J,1S,Normativa - múltiplos estándar,Vigente
D31,,terawatt,,TW,10¹² W,1S,Normativa - múltiplos estándar,Vigente
D32,,terawatt hour,,TW·h,"3,6 x 10¹⁵ J",1S,Normativa - múltiplos estándar,Vigente
D33,,tesla,,T,T,1,Normativa (SI),Vigente
D34,,tex,A unit of yarn density. One decitex equals a mass of 1 gram per 1 kilometre of length.,tex (g/km),10⁻⁶ kg/m,3.5,Informativa - unidades específicas de industria,Vigente
D35,,calorie (thermochemical),,calth,"4,184 J",2,"Equivalente normativa (no SI: UK, US, etc.)",Obsoleto (deprecated)
D36,,megabit,A unit of information equal to 10⁶ (1000000) bits (binary digits).,Mbit,,3.6,Informativa - unidades de tecnología de la información,Vigente
D37,,calorie (thermochemical) per gram kelvin,,calth/(g·K),"4,184 x 10³ J/(kg x K)",2,"Equivalente normativa (no SI: UK, US, etc.)",Obsoleto (deprecated)
D38,,calorie (thermochemical) per second centimetre kelvin,,calth/(s·cm·K),"418,4 W/(m x K)",2,"Equivalente normativa (no SI: UK, US, etc.)",Obsoleto (deprecated)
D39,,calorie (thermochemical) per second square centimetre kelvin,,calth/(s·cm²·K),"4,184 x10⁴ W/(m² x K)",2,"Equivalente normativa (no SI: UK, US, etc.)",Obsoleto (deprecated)
D40,,thousand litre,,,m³,3.8,Informativa - múltiplos / fracciones / decimales,Eliminado de la Rec. 20
D41,,tonne per cubic metre,,t/m³,10³ kg/m³,1S,Normativa - múltiplos estándar,Vigente
D42,,tropical year,,y (tropical),"3,155 692 5 x 10⁷ s",2,"Equivalente normativa (no SI: UK, US, etc.)",Vigente
D43,,unified atomic mass unit,,u,"1,660 538 782 x 10⁻²⁷ kg",1,Normativa (SI),Vigente
D44,,var,The name of the unit is an acronym for volt-ampere-reactive.,var,V x A,1,Normativa (SI),Vigente
D45,,volt squared per kelvin squared,,V²/K²,V²/K²,1,Normativa (SI),Vigente
D46,,volt - ampere,,V·A,W,1,Normativa (SI),Vigente
D47,,volt per centimetre,,V/cm,V/m x 10²,1S,Normativa - múltiplos estándar,Vigente
D48,,volt per kelvin,,V/K,V/K,1,Normativa (SI),Vigente
D49,,millivolt per kelvin,,mV/K,10⁻³ V/K,1S,Normativa - múltiplos estándar,Vigente
D5,,kilogram per square centimetre,,kg/cm²,10⁴ kg/m²,2,"Equivalente normativa (no SI: UK, US, etc.)",Vigente
D50,,volt per metre,,V/m,V/m,1,Normativa (SI),Vigente
D51,,volt per millimetre,,V/mm,10³ V/m,1S,Normativa - múltiplos estándar,Vigente
D52,,watt per kelvin,,W/K,W/K,1,Normativa (SI),Vigente
D53,,watt per metre kelvin,,W/(m·K),W/(m x K),1,Normativa (SI),Vigente
D54,,watt per square metre,,W/m²,W/m²,1,Normativa (SI),Vigente
D55,,watt per square metre kelvin,,W/(m²·K),W/(m² x K),1,Normativa (SI),Vigente
D56,,watt per square metre kelvin to the fourth power,,W/(m²·K⁴),W/(m² x K⁴),1,Normativa (SI),Vigente
D57,,watt per steradian,,W/sr,W/sr,1,Normativa (SI),Vigente
D58,,watt per steradian square metre,,W/(sr·m²),W/(sr x m²),1,Normativa (SI),Vigente
D59,,weber per metre,,Wb/m,Wb/m,1,Normativa (SI),Vigente
D6,,roentgen per second,,R/s,"2,58 x 10⁻⁴ C/(kg x s)",2,"Equivalente normativa (no SI: UK, US, etc.)",Vigente
D60,,weber per millimetre,,Wb/mm,10³ Wb/m,1S,Normativa - múltiplos estándar,Vigente
D61,,minute [unit of angle],,',"2,908 882 x 10⁻⁴ rad",1,Normativa (SI),Vigente
D62,,second [unit of angle],,"""","4,848 137 x 10⁻⁶ rad",1,Normativa (SI),Vigente
D63,,book,A unit of count defining the number of books (book: set of items bound together or written document of a material whole).,,,3.9,Informativa - varias,Vigente
D64,,block,,,,3.9,Informativa - varias,Eliminado de la Rec. 20
D65,,round,A unit of count defining the number of rounds (round: A circular or cylindrical object).,,,3.9,Informativa - varias,Vigente
D66,,cassette,,,,3.9,Informativa - varias,Eliminado de la Rec. 20
D67,,dollar per hour,,,,3.9,Informativa - varias,Eliminado de la Rec. 20
D68,,number of words,A unit of count defining the number of words.,,,3.7,Informativa - enteros / números / razones,Vigente
D69,,inch to the fourth power,,in⁴,"41,623 14 x 10⁻⁸ m⁴",2,"Equivalente normativa (no SI: UK, US, etc.)",Vigente
D7,,sandwich,,,,3.9,Informativa - varias,Eliminado de la Rec. 20
D70,,calorie (international table),,calIT,"4,186 8 J",2,"Equivalente normativa (no SI: UK, US, etc.)",Obsoleto (deprecated)
D71,,calorie (international table) per second centimetre kelvin,,calIT/(s·cm·K),"418,68 W/(m x K)",2,"Equivalente normativa (no SI: UK, US, etc.)",Obsoleto (deprecated)
D72,,calorie (international table) per second square centimetre kelvin,,calIT/(s·cm²·K),"4,186 8 x 10⁴ W/(m² x K)",2,"Equivalente normativa (no SI: UK, US, etc.)",Obsoleto (deprecated)
D73,,joule square metre,,J·m²,J x m²,1,Normativa (SI),Vigente
D74,,kilogram per mole,,kg/mol,kg/mol,1,Normativa (SI),Vigente
D75,,calorie (international table) per gram,,calIT/g,"4 186,8 J/kg",2,"Equivalente normativa (no SI: UK, US, etc.)",Obsoleto (deprecated)
D76,,calorie (international table) per gram kelvin,,calIT/(g·K),"4 186,8 J/(kg x K)",2,"Equivalente normativa (no SI: UK, US, etc.)",Obsoleto (deprecated)
D77,,megacoulomb,,MC,10⁶ C,1S,Normativa - múltiplos estándar,Vigente
D78,,megajoule per second,A unit of accumulated energy equal to one million joules per second.,MJ/s,,3.1,Informativa - unidades base calificadas (niveles 1 y 2),Vigente
D79,,beam,,,,3.3,Informativa - unidades de embalaje,Eliminado de la Rec. 20
D8,,draize score,,,,3.7,Informativa - enteros / números / razones,Eliminado de la Rec. 20
D80,,microwatt,,µW,10⁻⁶ W,1S,Normativa - múltiplos estándar,Vigente
D81,,microtesla,,µT,10⁻⁶ T,1S,Normativa - múltiplos estándar,Vigente
D82,,microvolt,,µV,10⁻⁶ V,1S,Normativa - múltiplos estándar,Vigente
D83,,millinewton metre,,mN·m,10⁻³ N x m,1S,Normativa - múltiplos estándar,Vigente
D85,,microwatt per square metre,,µW/m²,10⁻⁶ W/m²,1S,Normativa - múltiplos estándar,Vigente
D86,,millicoulomb,,mC,10⁻³ C,1S,Normativa - múltiplos estándar,Vigente
D87,,millimole per kilogram,,mmol/kg,10⁻³ mol/kg,1S,Normativa - múltiplos estándar,Vigente
D88,,millicoulomb per cubic metre,,mC/m³,10⁻³ C/m³,1S,Normativa - múltiplos estándar,Vigente
D89,,millicoulomb per square metre,,mC/m²,10⁻³ C/m²,1S,Normativa - múltiplos estándar,Vigente
D9,,dyne per square centimetre,,dyn/cm²,10⁻¹ Pa,"2,3.9","Equivalente normativa (no SI: UK, US, etc.) | Informativa - varias",Obsoleto (deprecated)
D90,,cubic metre (net),,,,3.1,Informativa - unidades base calificadas (niveles 1 y 2),Eliminado de la Rec. 20
D91,,rem,,rem,10⁻² Sv,2,"Equivalente normativa (no SI: UK, US, etc.)",Vigente
D92,,band,,,,3.9,Informativa - varias,Eliminado de la Rec. 20
D93,,second per cubic metre,,s/m³,s/m³,1,Normativa (SI),Vigente
D94,,second per cubic metre radian,,s/(rad·m³),s/(rad x m³),1,Normativa (SI),Vigente
D95,,joule per gram,,J/g,J/(10⁻³ x kg),1S,Normativa - múltiplos estándar,Vigente
D96,,pound gross,,,,3.1,Informativa - unidades base calificadas (niveles 1 y 2),Eliminado de la Rec. 20
D97,,pallet/unit load,"Use UN/ECE Recommendation 21 (refer to Note 2 in the spreadsheet introduction, 1st sheet).",,,3.4,Informativa - unidades de envío y transporte,Eliminado de la Rec. 20
D98,,mass pound,,,,3.1,Informativa - unidades base calificadas (niveles 1 y 2),Eliminado de la Rec. 20
D99,,sleeve,,,,3.3,Informativa - unidades de embalaje,Eliminado de la Rec. 20
DAA,,decare,,daa,10³ m²,1M,Normativa - múltiplos de uso común,Vigente
DAD,,ten day,A unit of time defining the number of days in multiples of 10.,,,3.2,Informativa - unidades de venta,Vigente
DAY,día,day,,d,86 400 s,1,Normativa (SI),Vigente
DB,,dry pound,"A unit of mass defining the number of pounds of a product, disregarding the water content of the product.",,,3.1,Informativa - unidades base calificadas (niveles 1 y 2),Vigente
DBM,,Decibel-milliwatts,dBm (sometimes dBmW or decibel-milliwatts) is unit of level used to indicate that a power ratio is expressed in decibels (dB) with reference to one milliwatt (mW).,dBm,10^[(Power in dBm-30)/10] W,3.1,Informativa - unidades base calificadas (niveles 1 y 2),Vigente
DBW,,Decibel watt,The decibel watt or dBW is a unit for the measurement of the strength of a signal expressed in decibels relative to one watt.,dBW,10^[Power in dBW/10] W,3.1,Informativa - unidades base calificadas (niveles 1 y 2),Vigente
DC,,disk (disc),,,,3.9,Informativa - varias,Eliminado de la Rec. 20
DD,,degree [unit of angle],,°,"1,745 329 x 10⁻² rad",1,Normativa (SI),Vigente
DE,,deal,,,,3.9,Informativa - varias,Eliminado de la Rec. 20
DEC,,decade,A unit of count defining the number of decades (decade: quantity equal to 10 or time equal to 10 years).,,,3.8,Informativa - múltiplos / fracciones / decimales,Vigente
DG,,decigram,,dg,10⁻⁴ kg,1M,Normativa - múltiplos de uso común,Vigente
DI,,dispenser,,,,3.3,Informativa - unidades de embalaje,Eliminado de la Rec. 20
DJ,,decagram,,dag,10⁻² kg,1M,Normativa - múltiplos de uso común,Vigente
DLT,decilitro,decilitre,,dl,10⁻⁴ m³,1M,Normativa - múltiplos de uso común,Vigente
DMA,,cubic decametre,,dam³,10³ m³,1S,Normativa - múltiplos estándar,Vigente
DMK,decímetro cuadrado,square decimetre,,dm²,10⁻² m²,1S,Normativa - múltiplos estándar,Vigente
DMO,,standard kilolitre,"A unit of volume defining the number of kilolitres of a product at a temperature of 15 degrees Celsius, especially in relation to hydrocarbon oils.",,,3.1,Informativa - unidades base calificadas (niveles 1 y 2),Vigente
DMQ,decímetro cúbico,cubic decimetre,,dm³,10⁻³ m³,1S,Normativa - múltiplos estándar,Vigente
DMT,decímetro,decimetre,,dm,10⁻¹ m,1M,Normativa - múltiplos de uso común,Vigente
DN,,decinewton metre,,dN·m,10⁻¹ N x m,1S,Normativa - múltiplos estándar,Vigente
DPC,,dozen piece,"A unit of count defining the number of pieces in multiples of 12 (piece: a single item, article or exemplar).",,,3.2,Informativa - unidades de venta,Vigente
DPR,,dozen pair,A unit of count defining the number of pairs in multiples of 12 (pair: item described by two's).,,,3.2,Informativa - unidades de venta,Vigente
DPT,,displacement tonnage,"A unit of mass defining the volume of sea water a ship displaces, expressed as the number of tons.",,,3.4,Informativa - unidades de envío y transporte,Vigente
DQ,,data record,,,,3.6,Informativa - unidades de tecnología de la información,Eliminado de la Rec. 20
DR,tambor,drum,"Use UN/ECE Recommendation 21 (refer to Note 2 in the spreadsheet introduction, 1st sheet).",,,3.3,Informativa - unidades de embalaje,Eliminado de la Rec. 20
DRA,,dram (US),"Synonym: drachm (UK), troy dram",,"3,887 935 g",3.5,Informativa - unidades específicas de industria,Vigente
DRI,,dram (UK),Synonym: avoirdupois dram,,"1,771 745 g",3.5,Informativa - unidades específicas de industria,Vigente
DRL,,dozen roll,"A unit of count defining the number of rolls, expressed in twelve roll units.",,,3.2,Informativa - unidades de venta,Vigente
DRM,,drachm (UK),,,"3,887 935 g",3.5,Informativa - unidades específicas de industria,Eliminado de la Rec. 20
DS,,display,,,,3.9,Informativa - varias,Eliminado de la Rec. 20
DT,,dry ton,"A unit of mass defining the number of tons of a product, disregarding the water content of the product.",,,3.1,Informativa - unidades base calificadas (niveles 1 y 2),Vigente
DTN,"decitonelada (quintal métrico, 100 kg)",decitonne,"Synonym: centner, metric 100 kg; quintal, metric 100 kg",dt or dtn,10² kg,"1M,3.5",Normativa - múltiplos de uso común | Informativa - unidades específicas de industria,Vigente
DU,,dyne,,dyn,10⁻⁵ N,2,"Equivalente normativa (no SI: UK, US, etc.)",Obsoleto (deprecated)
DWT,,pennyweight,,,"1,555 174 g",3.5,Informativa - unidades específicas de industria,Vigente
DX,,dyne per centimetre,,dyn/cm,10⁻³ N/m,2,"Equivalente normativa (no SI: UK, US, etc.)",Obsoleto (deprecated)
DY,,directory book,,,,3.9,Informativa - varias,Eliminado de la Rec. 20
DZN,docena,dozen,A unit of count defining the number of units in multiples of 12.,DOZ,12,3.7,Informativa - enteros / números / razones,Vigente
DZP,docena de paquetes,dozen pack,A unit of count defining the number of packs in multiples of 12 (pack: standard packaging unit).,,,3.2,Informativa - unidades de venta,Vigente
E01,,newton per square centimetre,A measure of pressure expressed in newtons per square centimetre.,N/cm²,10⁴ Pa,1M,Normativa - múltiplos de uso común,Vigente
E07,,megawatt hour per hour,A unit of accumulated energy of a million watts over a period of one hour.,MW·h/h,,3.1,Informativa - unidades base calificadas (niveles 1 y 2),Vigente
E08,,megawatt per hertz,A unit of energy expressed as the load change in million watts that will cause a frequency shift of one hertz.,MW/Hz,,3.1,Informativa - unidades base calificadas (niveles 1 y 2),Vigente
E09,,milliampere hour,A unit of power load delivered at the rate of one thousandth of an ampere over a period of one hour.,mA·h,"3,6 C",1M,Normativa - múltiplos de uso común,Vigente
E10,,degree day,A unit of measure used in meteorology and engineering to measure the demand for heating or cooling over a given period of days.,deg da,,3.5,Informativa - unidades específicas de industria,Vigente
E11,,gigacalorie,A unit of heat energy equal to one thousand million calories.,,10⁹ cal,3.5,Informativa - unidades específicas de industria,Obsoleto (deprecated)
E12,,mille,A unit of count defining the number of cigarettes in units of 1000.,,,3.9,Informativa - varias,Vigente
E14,,kilocalorie (international table),A unit of heat energy equal to one thousand calories.,kcalIT,"4,186 8 x 10³ J",2,"Equivalente normativa (no SI: UK, US, etc.)",Vigente
E15,,kilocalorie (thermochemical) per hour,A unit of energy equal to one thousand calories per hour.,kcalth/h,"1,162 22 W",2,"Equivalente normativa (no SI: UK, US, etc.)",Vigente
E16,,million Btu(IT) per hour,A unit of power equal to one million British thermal units per hour.,BtuIT/h,"293 071,1 W",3.1,Informativa - unidades base calificadas (niveles 1 y 2),Vigente
E17,,cubic foot per second,A unit of volume equal to one cubic foot passing a given point in a period of one second.,ft³/s,"2,831 685 x 10⁻² m³/s",3.1,Informativa - unidades base calificadas (niveles 1 y 2),Vigente
E18,,tonne per hour,A unit of weight or mass equal to one tonne per hour.,t/h,"2,777 78 x 10⁻¹ kg/s",2,"Equivalente normativa (no SI: UK, US, etc.)",Vigente
E19,,ping,A unit of area equal to 3.3 square metres.,,"3,305 m²",3.1,Informativa - unidades base calificadas (niveles 1 y 2),Vigente
E2,,belt,,,,3.9,Informativa - varias,Eliminado de la Rec. 20
E20,,megabit per second,A unit of information equal to 10⁶ (1000000) bits (binary digits) per second.,Mbit/s,,3.6,Informativa - unidades de tecnología de la información,Vigente
E21,,shares,A unit of count defining the number of shares (share: a total or portion of the parts into which a business entity’s capital is divided).,,,3.7,Informativa - enteros / números / razones,Vigente
E22,,TEU,A unit of count defining the number of twenty-foot equivalent units (TEUs) as a measure of containerized cargo capacity.,,,3.4,Informativa - unidades de envío y transporte,Vigente
E23,,tyre,"A unit of count defining the number of tyres (a solid or air-filled covering placed around a wheel rim to form a soft contact with the road, absorb shock and provide traction).",,,3.7,Informativa - enteros / números / razones,Vigente
E25,,active unit,A unit of count defining the number of active units within a substance.,,,3.9,Informativa - varias,Vigente
E27,,dose,A unit of count defining the number of doses (dose: a definite quantity of a medicine or drug).,,,3.9,Informativa - varias,Vigente
E28,,air dry ton,"A unit of mass defining the number of tons of a product, disregarding the water content of the product.",,,3.1,Informativa - unidades base calificadas (niveles 1 y 2),Vigente
E3,,trailer,,,,3.4,Informativa - unidades de envío y transporte,Eliminado de la Rec. 20
E30,,strand,"A unit of count defining the number of strands (strand: long, thin, flexible, single thread, strip of fibre, constituent filament or multiples of the same, twisted together).",,,3.7,Informativa - enteros / números / razones,Vigente
E31,,square metre per litre,A unit of count defining the number of square metres per litre.,m²/l,,3.1,Informativa - unidades base calificadas (niveles 1 y 2),Vigente
E32,,litre per hour,A unit of count defining the number of litres per hour.,l/h,"2,777 78 x 10⁻⁷ m³/s",3.1,Informativa - unidades base calificadas (niveles 1 y 2),Vigente
E33,,foot per thousand,A unit of count defining the number of feet per thousand units.,,"3,048 x 10⁻⁴ m",3.1,Informativa - unidades base calificadas (niveles 1 y 2),Vigente
E34,gigabyte,gigabyte,A unit of information equal to 10⁹ bytes.,Gbyte,,3.6,Informativa - unidades de tecnología de la información,Vigente
E35,terabyte,terabyte,A unit of information equal to 10¹² bytes.,Tbyte,,3.6,Informativa - unidades de tecnología de la información,Vigente
E36,petabyte,petabyte,A unit of information equal to 10¹⁵ bytes.,Pbyte,,3.6,Informativa - unidades de tecnología de la información,Vigente
E37,,pixel,A unit of count defining the number of pixels (pixel: picture element).,,,3.6,Informativa - unidades de tecnología de la información,Vigente
E38,,megapixel,A unit of count equal to 10⁶ (1000000) pixels (picture elements).,,,3.6,Informativa - unidades de tecnología de la información,Vigente
E39,,dots per inch,A unit of information defining the number of dots per linear inch as a measure of the resolution or sharpness of a graphic image.,dpi,,3.6,Informativa - unidades de tecnología de la información,Vigente
E4,,gross kilogram,A unit of mass defining the total number of kilograms before deductions.,,,3.1,Informativa - unidades base calificadas (niveles 1 y 2),Vigente
E40,,part per hundred thousand,A unit of proportion equal to 10⁻⁵.,ppht,1 x 10⁻⁵,3.7,Informativa - enteros / números / razones,Vigente
E41,,kilogram-force per square millimetre,A unit of pressure defining the number of kilograms force per square millimetre.,kgf/mm²,"9,806 65 x 10⁶ Pa",2,"Equivalente normativa (no SI: UK, US, etc.)",Vigente
E42,,kilogram-force per square centimetre,A unit of pressure defining the number of kilograms force per square centimetre.,kgf/cm²,"9,806 65 x 10⁴ Pa",2,"Equivalente normativa (no SI: UK, US, etc.)",Vigente
E43,,joule per square centimetre,A unit of energy defining the number of joules per square centimetre.,J/cm²,10⁴ J/m²,1M,Normativa - múltiplos de uso común,Vigente
E44,,kilogram-force metre per square centimetre,A unit of torsion defining the torque kilogram-force metre per square centimetre.,kgf·m/cm²,,3.5,Informativa - unidades específicas de industria,Vigente
E45,,milliohm,,mΩ,10⁻³ Ω,1S,Normativa - múltiplos estándar,Vigente
E46,,kilowatt hour per cubic metre,A unit of energy consumption expressed as kilowatt hour per cubic metre.,kW·h/m³,"3,6 x 10⁶ J/m³",3.1,Informativa - unidades base calificadas (niveles 1 y 2),Vigente
E47,,kilowatt hour per kelvin,A unit of energy consumption expressed as kilowatt hour per kelvin.,kW·h/K,"3,6 x 10⁶ J/K",3.1,Informativa - unidades base calificadas (niveles 1 y 2),Vigente
E48,,service unit,A unit of count defining the number of service units (service unit: defined period / property / facility / utility of supply).,,,3.5,Informativa - unidades específicas de industria,Vigente
E49,,working day,A unit of count defining the number of working days (working day: a day on which work is ordinarily performed).,,,3.5,Informativa - unidades específicas de industria,Vigente
E5,,metric long ton,Use ton (UK) or long ton (US) (common code LTN),,,3.1,Informativa - unidades base calificadas (niveles 1 y 2),Eliminado de la Rec. 20
E50,,accounting unit,A unit of count defining the number of accounting units.,,,3.5,Informativa - unidades específicas de industria,Vigente
E51,,job,A unit of count defining the number of jobs.,,,3.5,Informativa - unidades específicas de industria,Vigente
E52,,run foot,A unit of count defining the number feet per run.,,,3.5,Informativa - unidades específicas de industria,Vigente
E53,,test,A unit of count defining the number of tests.,,,3.5,Informativa - unidades específicas de industria,Vigente
E54,,trip,A unit of count defining the number of trips.,,,3.5,Informativa - unidades específicas de industria,Vigente
E55,,use,A unit of count defining the number of times an object is used.,,,3.5,Informativa - unidades específicas de industria,Vigente
E56,,well,A unit of count defining the number of wells.,,,3.5,Informativa - unidades específicas de industria,Vigente
E57,,zone,A unit of count defining the number of zones.,,,3.5,Informativa - unidades específicas de industria,Vigente
E58,,exabit per second,A unit of information equal to 10¹⁸ bits (binary digits) per second.,Ebit/s,,3.6,Informativa - unidades de tecnología de la información,Vigente
E59,,exbibyte,A unit of information equal to 2⁶⁰ bytes.,Eibyte,,3.6,Informativa - unidades de tecnología de la información,Vigente
E60,,pebibyte,A unit of information equal to 2⁵⁰ bytes.,Pibyte,,3.6,Informativa - unidades de tecnología de la información,Vigente
E61,,tebibyte,A unit of information equal to 2⁴⁰ bytes.,Tibyte,,3.6,Informativa - unidades de tecnología de la información,Vigente
E62,,gibibyte,A unit of information equal to 2³⁰ bytes.,Gibyte,,3.6,Informativa - unidades de tecnología de la información,Vigente
E63,,mebibyte,A unit of information equal to 2²⁰ bytes.,Mibyte,,3.6,Informativa - unidades de tecnología de la información,Vigente
E64,,kibibyte,A unit of information equal to 2¹⁰ bytes.,Kibyte,,3.6,Informativa - unidades de tecnología de la información,Vigente
E65,,exbibit per metre,A unit of information equal to 2⁶⁰ bits (binary digits) per metre.,Eibit/m,,3.6,Informativa - unidades de tecnología de la información,Vigente
E66,,exbibit per square metre,A unit of information equal to 2⁶⁰ bits (binary digits) per square metre.,Eibit/m²,,3.6,Informativa - unidades de tecnología de la información,Vigente
E67,,exbibit per cubic metre,A unit of information equal to 2⁶⁰ bits (binary digits) per cubic metre.,Eibit/m³,,3.6,Informativa - unidades de tecnología de la información,Vigente
E68,,gigabyte per second,A unit of information equal to 10⁹ bytes per second.,Gbyte/s,,3.6,Informativa - unidades de tecnología de la información,Vigente
E69,,gibibit per metre,A unit of information equal to 2³⁰ bits (binary digits) per metre.,Gibit/m,,3.6,Informativa - unidades de tecnología de la información,Vigente
E70,,gibibit per square metre,A unit of information equal to 2³⁰ bits (binary digits) per square metre.,Gibit/m²,,3.6,Informativa - unidades de tecnología de la información,Vigente
E71,,gibibit per cubic metre,A unit of information equal to 2³⁰ bits (binary digits) per cubic metre.,Gibit/m³,,3.6,Informativa - unidades de tecnología de la información,Vigente
E72,,kibibit per metre,A unit of information equal to 2¹⁰ bits (binary digits) per metre.,Kibit/m,,3.6,Informativa - unidades de tecnología de la información,Vigente
E73,,kibibit per square metre,A unit of information equal to 2¹⁰ bits (binary digits) per square metre.,Kibit/m²,,3.6,Informativa - unidades de tecnología de la información,Vigente
E74,,kibibit per cubic metre,A unit of information equal to 2¹⁰ bits (binary digits) per cubic metre.,Kibit/m³,,3.6,Informativa - unidades de tecnología de la información,Vigente
E75,,mebibit per metre,A unit of information equal to 2²⁰ bits (binary digits) per metre.,Mibit/m,,3.6,Informativa - unidades de tecnología de la información,Vigente
E76,,mebibit per square metre,A unit of information equal to 2²⁰ bits (binary digits) per square metre.,Mibit/m²,,3.6,Informativa - unidades de tecnología de la información,Vigente
E77,,mebibit per cubic metre,A unit of information equal to 2²⁰ bits (binary digits) per cubic metre.,Mibit/m³,,3.6,Informativa - unidades de tecnología de la información,Vigente
E78,,petabit,A unit of information equal to 10¹⁵ bits (binary digits).,Pbit,,3.6,Informativa - unidades de tecnología de la información,Vigente
E79,,petabit per second,A unit of information equal to 10¹⁵ bits (binary digits) per second.,Pbit/s,,3.6,Informativa - unidades de tecnología de la información,Vigente
E80,,pebibit per metre,A unit of information equal to 2⁵⁰ bits (binary digits) per metre.,Pibit/m,,3.6,Informativa - unidades de tecnología de la información,Vigente
E81,,pebibit per square metre,A unit of information equal to 2⁵⁰ bits (binary digits) per square metre.,Pibit/m²,,3.6,Informativa - unidades de tecnología de la información,Vigente
E82,,pebibit per cubic metre,A unit of information equal to 2⁵⁰ bits (binary digits) per cubic metre.,Pibit/m³,,3.6,Informativa - unidades de tecnología de la información,Vigente
E83,,terabit,A unit of information equal to 10¹² bits (binary digits).,Tbit,,3.6,Informativa - unidades de tecnología de la información,Vigente
E84,,terabit per second,A unit of information equal to 10¹² bits (binary digits) per second.,Tbit/s,,3.6,Informativa - unidades de tecnología de la información,Vigente
E85,,tebibit per metre,A unit of information equal to 2⁴⁰ bits (binary digits) per metre.,Tibit/m,,3.6,Informativa - unidades de tecnología de la información,Vigente
E86,,tebibit per cubic metre,A unit of information equal to 2⁴⁰ bits (binary digits) per cubic metre.,Tibit/m³,,3.6,Informativa - unidades de tecnología de la información,Vigente
E87,,tebibit per square metre,A unit of information equal to 2⁴⁰ bits (binary digits) per square metre.,Tibit/m²,,3.6,Informativa - unidades de tecnología de la información,Vigente
E88,,bit per metre,A unit of information equal to 1 bit (binary digit) per metre.,bit/m,,3.6,Informativa - unidades de tecnología de la información,Vigente
E89,,bit per square metre,A unit of information equal to 1 bit (binary digit) per square metre.,bit/m²,,3.6,Informativa - unidades de tecnología de la información,Vigente
E90,,reciprocal centimetre,,cm⁻¹,10² m⁻¹,3.1,Informativa - unidades base calificadas (niveles 1 y 2),Vigente
E91,,reciprocal day,,d⁻¹,"1,157 41 × 10⁻⁵ s⁻¹",3.1,Informativa - unidades base calificadas (niveles 1 y 2),Vigente
E92,,cubic decimetre per hour,,dm³/h,"2,777 78 × 10⁻⁷ m³ x s⁻¹",1S,Normativa - múltiplos estándar,Vigente
E93,,kilogram per hour,,kg/h,"2,777 78 × 10⁻⁴ kg x s⁻¹",1S,Normativa - múltiplos estándar,Vigente
E94,,kilomole per second,,kmol/s,10³ s⁻¹ x mol,1S,Normativa - múltiplos estándar,Vigente
E95,,mole per second,,mol/s,s⁻¹ x mol,1S,Normativa - múltiplos estándar,Vigente
E96,,degree per second,,°/s,"1,745 329 x 10⁻² rad x s⁻¹",1M,Normativa - múltiplos de uso común,Vigente
E97,,millimetre per degree Celcius metre,,mm/(°C·m),10⁻³ K⁻¹,1M,Normativa - múltiplos de uso común,Vigente
E98,,degree Celsius per kelvin,,°C/K,1.0,1M,Normativa - múltiplos de uso común,Vigente
E99,,hectopascal per bar,,hPa/bar,10⁻³,1M,Normativa - múltiplos de uso común,Vigente
EA,cada uno,each,A unit of count defining the number of items regarded as separate units.,,,3.2,Informativa - unidades de venta,Vigente
EB,,electronic mail box,A unit of count defining the number of electronic mail boxes.,,,3.9,Informativa - varias,Vigente
EC,,each per month,,,,3.9,Informativa - varias,Eliminado de la Rec. 20
EP,,eleven pack,,,,3.2,Informativa - unidades de venta,Eliminado de la Rec. 20
EQ,,equivalent gallon,A unit of volume defining the number of gallons of product produced from concentrate.,,,3.1,Informativa - unidades base calificadas (niveles 1 y 2),Vigente
EV,,envelope,"Use UN/ECE Recommendation 21 (refer to Note 2 in the spreadsheet introduction, 1st sheet).",,,3.9,Informativa - varias,Eliminado de la Rec. 20
F01,,bit per cubic metre,A unit of information equal to 1 bit (binary digit) per cubic metre.,bit/m³,,3.6,Informativa - unidades de tecnología de la información,Vigente
F02,,kelvin per kelvin,,K/K,1.0,1M,Normativa - múltiplos de uso común,Vigente
F03,,kilopascal per bar,,kPa/bar,10⁻²,1M,Normativa - múltiplos de uso común,Vigente
F04,,millibar per bar,,mbar/bar,10⁻³,1M,Normativa - múltiplos de uso común,Vigente
F05,,megapascal per bar,,MPa/bar,10¹,1M,Normativa - múltiplos de uso común,Vigente
F06,,poise per bar,,P/bar,10⁻⁶ s,2,"Equivalente normativa (no SI: UK, US, etc.)",Vigente
F07,,pascal per bar,,Pa/bar,10⁻⁵,1M,Normativa - múltiplos de uso común,Vigente
F08,,milliampere per inch,,mA/in,"3,937 007 874 015 75 x 10⁻² A x m⁻¹",2,"Equivalente normativa (no SI: UK, US, etc.)",Vigente
F1,,thousand cubic foot per day,,,,3.8,Informativa - múltiplos / fracciones / decimales,Eliminado de la Rec. 20
F10,,kelvin per hour,,K/h,"2,777 78 × 10⁻⁴ s⁻¹ x K",1M,Normativa - múltiplos de uso común,Vigente
F11,,kelvin per minute,,K/min,"1,666 67 × 10⁻² s⁻¹ x K",1M,Normativa - múltiplos de uso común,Vigente
F12,,kelvin per second,,K/s,s⁻¹ x K,1M,Normativa - múltiplos de uso común,Vigente
F13,,slug,A unit of mass. One slug is the mass accelerated at 1 foot per second per second by a force of 1 pound.,slug,"1,459 390 x 10¹ kg",2,"Equivalente normativa (no SI: UK, US, etc.)",Vigente
F14,,gram per kelvin,,g/K,10⁻³ kg x K⁻¹,1M,Normativa - múltiplos de uso común,Vigente
F15,,kilogram per kelvin,,kg/K,kg x K⁻¹,1M,Normativa - múltiplos de uso común,Vigente
F16,,milligram per kelvin,,mg/K,10⁻⁶ kg x K⁻¹,1M,Normativa - múltiplos de uso común,Vigente
F17,,pound-force per foot,,lbf/ft,"1,459 39 × 10¹ kg x s⁻²",2,"Equivalente normativa (no SI: UK, US, etc.)",Vigente
F18,,kilogram square centimetre,,kg·cm²,10⁻⁴ kg m²,1M,Normativa - múltiplos de uso común,Vigente
F19,,kilogram square millimetre,,kg·mm²,10⁻⁶ kg m²,1M,Normativa - múltiplos de uso común,Vigente
F20,,pound inch squared,,lb·in²,"2,926 397 x 10⁻⁴ kg x m²",2,"Equivalente normativa (no SI: UK, US, etc.)",Vigente
F21,,pound-force inch,,lbf·in,"1,129 85 × 10⁻¹ kg x m² x s⁻²",2,"Equivalente normativa (no SI: UK, US, etc.)",Vigente
F22,,pound-force foot per ampere,,lbf·ft/A,"1,355 82 kg x m² x s⁻² x A⁻¹",2,"Equivalente normativa (no SI: UK, US, etc.)",Vigente
F23,,gram per cubic decimetre,,g/dm³,kg x m⁻³,1M,Normativa - múltiplos de uso común,Vigente
F24,,kilogram per kilomol,,kg/kmol,10⁻³ kg x mol⁻¹,1M,Normativa - múltiplos de uso común,Vigente
F25,,gram per hertz,,g/Hz,10⁻³ kg x s,1M,Normativa - múltiplos de uso común,Vigente
F26,,gram per day,,g/d,"1,157 41 × 10⁻⁸ kg x s⁻¹",1M,Normativa - múltiplos de uso común,Vigente
F27,,gram per hour,,g/h,"2,777 78 × 10⁻⁷ kg x s⁻¹",1M,Normativa - múltiplos de uso común,Vigente
F28,,gram per minute,,g/min,"1,666 67 × 10⁻⁵ kg x s⁻¹",1M,Normativa - múltiplos de uso común,Vigente
F29,,gram per second,,g/s,10⁻³ kg x s⁻¹,1M,Normativa - múltiplos de uso común,Vigente
F30,,kilogram per day,,kg/d,"1,157 41 × 10⁻⁵ kg x s⁻¹",1M,Normativa - múltiplos de uso común,Vigente
F31,,kilogram per minute,,kg/min,"1,666 67 × 10⁻² kg x s⁻¹",1M,Normativa - múltiplos de uso común,Vigente
F32,,milligram per day,,mg/d,"1,157 41 × 10⁻¹¹ kg x s⁻¹",1M,Normativa - múltiplos de uso común,Vigente
F33,,milligram per minute,,mg/min,"1,666 67 × 10⁻⁸ kg x s⁻¹",1M,Normativa - múltiplos de uso común,Vigente
F34,,milligram per second,,mg/s,10⁻⁶ kg x s⁻¹,1M,Normativa - múltiplos de uso común,Vigente
F35,,gram per day kelvin,,g/(d·K),"1,157 41 × 10⁻⁸ kg x s⁻¹ x K⁻¹",1M,Normativa - múltiplos de uso común,Vigente
F36,,gram per hour kelvin,,g/(h·K),"2,777 78 × 10⁻⁷ kg x s⁻¹ x K⁻¹",1M,Normativa - múltiplos de uso común,Vigente
F37,,gram per minute kelvin,,g/(min·K),"1,666 67 × 10⁻⁵ kg x s⁻¹ x K⁻¹",1M,Normativa - múltiplos de uso común,Vigente
F38,,gram per second kelvin,,g/(s·K),10⁻³ kg x s⁻¹ x K⁻¹,1M,Normativa - múltiplos de uso común,Vigente
F39,,kilogram per day kelvin,,kg/(d·K),"1,157 41 × 10⁻⁵ kg x s⁻¹ x K⁻¹",1M,Normativa - múltiplos de uso común,Vigente
F40,,kilogram per hour kelvin,,kg/(h·K),"2,777 78 × 10⁻⁴ kg x s⁻¹ x K⁻¹",1M,Normativa - múltiplos de uso común,Vigente
F41,,kilogram per minute kelvin,,kg/(min·K),"1,666 67 × 10⁻²kg x s⁻¹ x K⁻¹",1M,Normativa - múltiplos de uso común,Vigente
F42,,kilogram per second kelvin,,kg/(s·K),kg x s⁻¹ x K⁻¹,1M,Normativa - múltiplos de uso común,Vigente
F43,,milligram per day kelvin,,mg/(d·K),"1,157 41 × 10⁻¹¹ kg x s⁻¹ x K⁻¹",1M,Normativa - múltiplos de uso común,Vigente
F44,,milligram per hour kelvin,,mg/(h·K),"2,777 78 × 10⁻¹⁰ kg x s⁻¹ x K⁻¹",1M,Normativa - múltiplos de uso común,Vigente
F45,,milligram per minute kelvin,,mg/(min·K),"1,666 67 × 10⁻⁸ kg x s⁻¹ x K⁻¹",1M,Normativa - múltiplos de uso común,Vigente
F46,,milligram per second kelvin,,mg/(s·K),10⁻⁶ kg x s⁻¹ x K⁻¹,1M,Normativa - múltiplos de uso común,Vigente
F47,,newton per millimetre,,N/mm,10³ kg x s⁻²,1M,Normativa - múltiplos de uso común,Vigente
F48,,pound-force per inch,,lbf/in,"1,751 27 × 10² kg x s⁻²",2,"Equivalente normativa (no SI: UK, US, etc.)",Vigente
F49,,rod [unit of distance],A unit of distance equal to 5.5 yards (16 feet 6 inches).,rd (US),"5,029 210 m",2,"Equivalente normativa (no SI: UK, US, etc.)",Vigente
F50,,micrometre per kelvin,,µm/K,10⁻⁶ m x K⁻¹,1M,Normativa - múltiplos de uso común,Vigente
F51,,centimetre per kelvin,,cm/K,10⁻² m x K⁻¹,1M,Normativa - múltiplos de uso común,Vigente
F52,,metre per kelvin,,m/K,m x K⁻¹,1M,Normativa - múltiplos de uso común,Vigente
F53,,millimetre per kelvin,,mm/K,10⁻³ m x K⁻¹,1M,Normativa - múltiplos de uso común,Vigente
F54,,milliohm per metre,,mΩ/m,10⁻³ Ω/m,1M,Normativa - múltiplos de uso común,Vigente
F55,,ohm per mile (statute mile),,Ω/mi,"6,213 71 × 10⁻⁴  Ω/m",2,"Equivalente normativa (no SI: UK, US, etc.)",Vigente
F56,,ohm per kilometre,,Ω/km,10⁻³ Ω/m,1M,Normativa - múltiplos de uso común,Vigente
F57,,milliampere per pound-force per square inch,,mA/(lbf/in²),"1,450 38 × 10⁻⁷ kg⁻¹ x m x s² x A",2,"Equivalente normativa (no SI: UK, US, etc.)",Vigente
F58,,reciprocal bar,,1/bar,bar⁻¹,1M,Normativa - múltiplos de uso común,Vigente
F59,,milliampere per bar,,mA/bar,10⁻⁸ kg⁻¹ x m x s² x A,1M,Normativa - múltiplos de uso común,Vigente
F60,,degree Celsius per bar,,°C/bar,10⁻⁵ kg⁻¹ x m x s² x K,1M,Normativa - múltiplos de uso común,Vigente
F61,,kelvin per bar,,K/bar,10⁻⁵ kg⁻¹ x m x s² x K,1M,Normativa - múltiplos de uso común,Vigente
F62,,gram per day bar,,g/(d·bar),"1,157 41 × 10⁻¹³ m x s",1M,Normativa - múltiplos de uso común,Vigente
F63,,gram per hour bar,,g/(h·bar),"2,777 78 × 10⁻¹² m x s",1M,Normativa - múltiplos de uso común,Vigente
F64,,gram per minute bar,,g/(min·bar),"1,666 67 × 10⁻¹⁰ m x s",1M,Normativa - múltiplos de uso común,Vigente
F65,,gram per second bar,,g/(s·bar),10⁻⁸ m x s,1M,Normativa - múltiplos de uso común,Vigente
F66,,kilogram per day bar,,kg/(d·bar),"1,157 41 × 10⁻¹⁰ m x s",1M,Normativa - múltiplos de uso común,Vigente
F67,,kilogram per hour bar,,kg/(h·bar),"2,777 78 × 10⁻⁹ m x s",1M,Normativa - múltiplos de uso común,Vigente
F68,,kilogram per minute bar,,kg/(min·bar),"1,666 67 × 10⁻⁷ m x s",1M,Normativa - múltiplos de uso común,Vigente
F69,,kilogram per second bar,,kg/(s·bar),10⁻⁵ m x s,1M,Normativa - múltiplos de uso común,Vigente
F70,,milligram per day bar,,mg/(d·bar),"1,157 41 × 10⁻¹⁶ m x s",1M,Normativa - múltiplos de uso común,Vigente
F71,,milligram per hour bar,,mg/(h·bar),"2,777 78 × 10⁻¹⁵ m x s",1M,Normativa - múltiplos de uso común,Vigente
F72,,milligram per minute bar,,mg/(min·bar),"1,666 67 × 10⁻¹³ m x s",1M,Normativa - múltiplos de uso común,Vigente
F73,,milligram per second bar,,mg/(s·bar),10⁻¹¹ m x s,1M,Normativa - múltiplos de uso común,Vigente
F74,,gram per bar,,g/bar,10⁻⁸ m x s²,1M,Normativa - múltiplos de uso común,Vigente
F75,,milligram per bar,,mg/bar,10⁻¹¹ m x s²,1M,Normativa - múltiplos de uso común,Vigente
F76,,milliampere per millimetre,,mA/mm,m⁻¹ x A,1M,Normativa - múltiplos de uso común,Vigente
F77,,pascal second per kelvin,,Pa.s/K,kg x m⁻¹ x s⁻¹ x K⁻¹,1M,Normativa - múltiplos de uso común,Vigente
F78,,inch of water,,inH₂O,"2,490 89 × 10² kg x m⁻¹ x s⁻²",2,"Equivalente normativa (no SI: UK, US, etc.)",Vigente
F79,,inch of mercury,,inHg,"3,386 39 × 10³ kg x m⁻¹ x s⁻²",2,"Equivalente normativa (no SI: UK, US, etc.)",Vigente
F80,,water horse power,A unit of power defining the amount of power required to move a given volume of water against acceleration of gravity to a specified elevation (pressure head).,,"7,460 43 x 10² W",2,"Equivalente normativa (no SI: UK, US, etc.)",Vigente
F81,,bar per kelvin,,bar/K,10⁵ kg x m⁻¹ x s⁻² x K⁻¹,1M,Normativa - múltiplos de uso común,Vigente
F82,,hectopascal per kelvin,,hPa/K,10² kg x m⁻¹ x s⁻² x K⁻¹,1M,Normativa - múltiplos de uso común,Vigente
F83,,kilopascal per kelvin,,kPa/K,10³ kg x m⁻¹ x s⁻² x K⁻¹,1M,Normativa - múltiplos de uso común,Vigente
F84,,millibar per kelvin,,mbar/K,10² kg x m⁻¹ x s⁻² x K⁻¹,1M,Normativa - múltiplos de uso común,Vigente
F85,,megapascal per kelvin,,MPa/K,10⁶ kg x m⁻¹ x s⁻² x K⁻¹,1M,Normativa - múltiplos de uso común,Vigente
F86,,poise per kelvin,,P/K,10⁻¹ kg x m⁻¹ x s⁻¹ x K⁻¹,2,"Equivalente normativa (no SI: UK, US, etc.)",Vigente
F87,,volt per litre minute,,V/(l·min),"1,666 67 × 10¹ kg x m⁻¹ x s⁻⁴ x A⁻¹",1M,Normativa - múltiplos de uso común,Vigente
F88,,newton centimetre,,N·cm,10⁻² kg x m² x s⁻²,1M,Normativa - múltiplos de uso común,Vigente
F89,,newton metre per degree,,Nm/°,"57,295 788 kg x m² x s⁻² x rad⁻¹",1M,Normativa - múltiplos de uso común,Vigente
F9,,fibre per cubic centimetre of air,,,,3.9,Informativa - varias,Eliminado de la Rec. 20
F90,,newton metre per ampere,,N·m/A,kg x m² x s⁻² x A⁻¹,1M,Normativa - múltiplos de uso común,Vigente
F91,,bar litre per second,,bar·l/s,10² kg x m² x s⁻³,1M,Normativa - múltiplos de uso común,Vigente
F92,,bar cubic metre per second,,bar·m³/s,10⁵ kg x m² x s⁻³,1M,Normativa - múltiplos de uso común,Vigente
F93,,hectopascal litre per second,,hPa·l/s,10⁻¹ kg x m² x s⁻³,1M,Normativa - múltiplos de uso común,Vigente
F94,,hectopascal cubic metre per second,,hPa·m³/s,10² kg x m² x s⁻³,1M,Normativa - múltiplos de uso común,Vigente
F95,,millibar litre per second,,mbar·l/s,10⁻¹ kg x m² x s⁻³,1M,Normativa - múltiplos de uso común,Vigente
F96,,millibar cubic metre per second,,mbar·m³/s,10² kg x m² x s⁻³,1M,Normativa - múltiplos de uso común,Vigente
F97,,megapascal litre per second,,MPa·l/s,10³ kg x m² x s⁻³,1M,Normativa - múltiplos de uso común,Vigente
F98,,megapascal cubic metre per second,,MPa·m³/s,10⁶ kg x m² x s⁻³,1M,Normativa - múltiplos de uso común,Vigente
F99,,pascal litre per second,,Pa·l/s,10⁻³ kg x m² x s⁻³,1M,Normativa - múltiplos de uso común,Vigente
FAH,grado Fahrenheit,degree Fahrenheit,Refer ISO 80000-5 (Quantities and units — Part 5: Thermodynamics),°F,5/9 x K,2,"Equivalente normativa (no SI: UK, US, etc.)",Vigente
FAR,,farad,,F,F,1,Normativa (SI),Vigente
FB,,field,,,,3.9,Informativa - varias,Eliminado de la Rec. 20
FBM,,fibre metre,A unit of length defining the number of metres of individual fibre.,,,3.1,Informativa - unidades base calificadas (niveles 1 y 2),Vigente
FC,,thousand cubic foot,A unit of volume equal to one thousand cubic foot.,kft³,,3.8,Informativa - múltiplos / fracciones / decimales,Vigente
FD,,million particle per cubic foot,,,,3.9,Informativa - varias,Eliminado de la Rec. 20
FE,,track foot,,,,3.5,Informativa - unidades específicas de industria,Eliminado de la Rec. 20
FF,,hundred cubic metre,A unit of volume equal to one hundred cubic metres.,,,3.8,Informativa - múltiplos / fracciones / decimales,Vigente
FG,,transdermal patch,,,,3.9,Informativa - varias,Eliminado de la Rec. 20
FH,,micromole,,µmol,10⁻⁶ mol,1S,Normativa - múltiplos estándar,Vigente
FIT,,failures in time,A unit of count defining the number of failures that can be expected over a specified time interval. Failure rates of semiconductor components are often specified as FIT (failures in time unit) where 1 FIT = 10⁻⁹ /h.,FIT,"2,777 78 × 10⁻¹³ s⁻¹",3.8,Informativa - múltiplos / fracciones / decimales,Vigente
FL,,flake ton,A unit of mass defining the number of tons of a flaked substance (flake: a small flattish fragment).,,,3.1,Informativa - unidades base calificadas (niveles 1 y 2),Vigente
FM,,million cubic foot,,Mft³,,3.8,Informativa - múltiplos / fracciones / decimales,Eliminado de la Rec. 20
FNU,,Formazin nephelometric unit,Formazin nephelometric unit (FNU) is used for water turbidity level evaluation,FNU,,3.5,Informativa - unidades específicas de industria,Vigente
FOT,pie,foot,,ft,"0,304 8 m",2,"Equivalente normativa (no SI: UK, US, etc.)",Vigente
FP,,pound per square foot,,lb/ft²,"4,882 428 kg/m²",2,"Equivalente normativa (no SI: UK, US, etc.)",Vigente
FR,,foot per minute,,ft/min,"5,08 x 10⁻³ m/s",2,"Equivalente normativa (no SI: UK, US, etc.)",Vigente
FS,,foot per second,,ft/s,"0,304 8 m/s",2,"Equivalente normativa (no SI: UK, US, etc.)",Vigente
FTK,pie cuadrado,square foot,,ft²,"9,290 304 x 10⁻² m²",2,"Equivalente normativa (no SI: UK, US, etc.)",Vigente
FTQ,pie cúbico,cubic foot,,ft³,"2,831 685 x 10⁻² m³",2,"Equivalente normativa (no SI: UK, US, etc.)",Vigente
G01,,pascal cubic metre per second,,Pa·m³/s,kg x m² x s⁻³,1M,Normativa - múltiplos de uso común,Vigente
G04,,centimetre per bar,,cm/bar,10⁻⁷ kg⁻¹ x m² x s²,1M,Normativa - múltiplos de uso común,Vigente
G05,,metre per bar,,m/bar,10⁻⁵ kg⁻¹ x m² x s²,1M,Normativa - múltiplos de uso común,Vigente
G06,,millimetre per bar,,mm/bar,10⁻⁸ kg⁻¹ x m² x s²,1M,Normativa - múltiplos de uso común,Vigente
G08,,square inch per second,,in²/s,"6,451 6 × 10⁻⁴ m² x s⁻¹",2,"Equivalente normativa (no SI: UK, US, etc.)",Vigente
G09,,square metre per second kelvin,,m²/(s·K),m² x s⁻¹ x K⁻¹,1M,Normativa - múltiplos de uso común,Vigente
G10,,stokes per kelvin,,St/K,10⁻⁴ m² x s⁻¹ x K⁻¹,2,"Equivalente normativa (no SI: UK, US, etc.)",Vigente
G11,,gram per cubic centimetre bar,,g/(cm³·bar),10⁻² m⁻² x s²,1M,Normativa - múltiplos de uso común,Vigente
G12,,gram per cubic decimetre bar,,g/(dm³·bar),10⁻⁵ m⁻² x s²,1M,Normativa - múltiplos de uso común,Vigente
G13,,gram per litre bar,,g/(l·bar),10⁻⁵ m⁻² x s²,1M,Normativa - múltiplos de uso común,Vigente
G14,,gram per cubic metre bar,,g/(m³·bar),10⁻⁸ m⁻² x s²,1M,Normativa - múltiplos de uso común,Vigente
G15,,gram per millilitre bar,,g/(ml·bar),10⁻² m⁻² x s²,1M,Normativa - múltiplos de uso común,Vigente
G16,,kilogram per cubic centimetre bar,,kg/(cm³·bar),10¹ m⁻² x s²,1M,Normativa - múltiplos de uso común,Vigente
G17,,kilogram per litre bar,,kg/(l·bar),10⁻² m⁻² x s²,1M,Normativa - múltiplos de uso común,Vigente
G18,,kilogram per cubic metre bar,,kg/(m³·bar),10⁻⁵ m⁻² x s²,1M,Normativa - múltiplos de uso común,Vigente
G19,,newton metre per kilogram,,N·m/kg,m² x s⁻²,1M,Normativa - múltiplos de uso común,Vigente
G2,,US gallon per minute,,gal (US) /min,"6,309 020 x 10⁻⁵ m³/s",2,"Equivalente normativa (no SI: UK, US, etc.)",Vigente
G20,,pound-force foot per pound,,lbf·ft/lb,"2,989 07 m² x s⁻²",2,"Equivalente normativa (no SI: UK, US, etc.)",Vigente
G21,,cup [unit of volume],,cup (US),"2,365 882 x 10⁻⁴ m³",2,"Equivalente normativa (no SI: UK, US, etc.)",Vigente
G23,,peck,,pk (US),"8,809 768 x 10⁻³ m³",2,"Equivalente normativa (no SI: UK, US, etc.)",Vigente
G24,,tablespoon (US),,tablespoon (US),"1,478 676 x 10⁻⁵ m³",2,"Equivalente normativa (no SI: UK, US, etc.)",Vigente
G25,,teaspoon (US),,teaspoon (US),"4,928 922 x 10⁻⁶ m³",2,"Equivalente normativa (no SI: UK, US, etc.)",Vigente
G26,,stere,,st,m³,1M,Normativa - múltiplos de uso común,Vigente
G27,,cubic centimetre per kelvin,,cm³/K,10⁻⁶ m³ x K⁻¹,1M,Normativa - múltiplos de uso común,Vigente
G28,,litre per kelvin,,l/K,10⁻³ m³ x K⁻¹,1M,Normativa - múltiplos de uso común,Vigente
G29,,cubic metre per kelvin,,m³/K,m³ x K⁻¹,1M,Normativa - múltiplos de uso común,Vigente
G3,,Imperial gallon per minute,,gal (UK) /min,"7,576 82 x 10⁻⁵ m³/s",2,"Equivalente normativa (no SI: UK, US, etc.)",Vigente
G30,,millilitre per kelvin,,ml/K,10⁻⁶ m³ x K⁻¹,1M,Normativa - múltiplos de uso común,Vigente
G31,,kilogram per cubic centimetre,,kg/cm³,10⁶ kg x m⁻³,1M,Normativa - múltiplos de uso común,Vigente
G32,,ounce (avoirdupois) per cubic yard,,oz/yd³,"3,707 98 × 10⁻² kg x m⁻³",2,"Equivalente normativa (no SI: UK, US, etc.)",Vigente
G33,,gram per cubic centimetre kelvin,,g/(cm³·K),10³ kg x m⁻³ x K⁻¹,1M,Normativa - múltiplos de uso común,Vigente
G34,,gram per cubic decimetre kelvin,,g/(dm³·K),kg x m⁻³ x K⁻¹,1M,Normativa - múltiplos de uso común,Vigente
G35,,gram per litre kelvin,,g/(l·K),kg x m⁻³ x K⁻¹,1M,Normativa - múltiplos de uso común,Vigente
G36,,gram per cubic metre kelvin,,g/(m³·K),10⁻³ kg x m⁻³ x K⁻¹,1M,Normativa - múltiplos de uso común,Vigente
G37,,gram per millilitre kelvin,,g/(ml·K),10³ kg x m⁻³ x K⁻¹,1M,Normativa - múltiplos de uso común,Vigente
G38,,kilogram per cubic centimetre kelvin,,kg/(cm³·K),10⁶ kg x m⁻³ x K⁻¹,1M,Normativa - múltiplos de uso común,Vigente
G39,,kilogram per litre kelvin,,kg/(l·K),10³ kg x m⁻³ x K⁻¹,1M,Normativa - múltiplos de uso común,Vigente
G40,,kilogram per cubic metre kelvin,,kg/(m³·K),kg x m⁻³ x K⁻¹,1M,Normativa - múltiplos de uso común,Vigente
G41,,square metre per second bar,,m²/(s·bar),10⁻⁵ kg⁻¹ x m³ x s,1M,Normativa - múltiplos de uso común,Vigente
G42,,microsiemens per centimetre,,µS/cm,10⁻⁴ S/m,1M,Normativa - múltiplos de uso común,Vigente
G43,,microsiemens per metre,,µS/m,10⁻⁶ S/m,1M,Normativa - múltiplos de uso común,Vigente
G44,,nanosiemens per centimetre,,nS/cm,10⁻⁷ S/m,1M,Normativa - múltiplos de uso común,Vigente
G45,,nanosiemens per metre,,nS/m,10⁻⁹ S/m,1M,Normativa - múltiplos de uso común,Vigente
G46,,stokes per bar,,St/bar,10⁻⁹ kg⁻¹ x m³ x s,2,"Equivalente normativa (no SI: UK, US, etc.)",Vigente
G47,,cubic centimetre per day,,cm³/d,"1,157 41 × 10⁻¹¹ m³ x s⁻¹",1M,Normativa - múltiplos de uso común,Vigente
G48,,cubic centimetre per hour,,cm³/h,"2,777 78 × 10⁻¹⁰ m³ x s⁻¹",1M,Normativa - múltiplos de uso común,Vigente
G49,,cubic centimetre per minute,,cm³/min,"1,666 67 × 10⁻⁸ m³ x s⁻¹",1M,Normativa - múltiplos de uso común,Vigente
G50,,gallon (US) per hour,,gal/h,"1,051 5 × 10⁻⁶ m³ x s⁻¹",2,"Equivalente normativa (no SI: UK, US, etc.)",Vigente
G51,,litre per second,,l/s,10⁻³ m³ x s⁻¹,1M,Normativa - múltiplos de uso común,Vigente
G52,,cubic metre per day,,m³/d,"1,157 41 × 10⁻⁵ m³ x s⁻¹",1M,Normativa - múltiplos de uso común,Vigente
G53,,cubic metre per minute,,m³/min,"1,666 67 × 10⁻² m³ x s⁻¹",1M,Normativa - múltiplos de uso común,Vigente
G54,,millilitre per day,,ml/d,"1,157 41 × 10⁻¹¹ m³ x s⁻¹",1M,Normativa - múltiplos de uso común,Vigente
G55,,millilitre per hour,,ml/h,"2,777 78 × 10⁻¹⁰ m³ x s⁻¹",1M,Normativa - múltiplos de uso común,Vigente
G56,,cubic inch per hour,,in³/h,"4,551 96 × 10⁻⁹ m³ x s⁻¹",2,"Equivalente normativa (no SI: UK, US, etc.)",Vigente
G57,,cubic inch per minute,,in³/min,"2,731 18 × 10⁻⁷ m³ x s⁻¹",2,"Equivalente normativa (no SI: UK, US, etc.)",Vigente
G58,,cubic inch per second,,in³/s,"1,638 71 × 10⁻⁵ m³ x s⁻¹",2,"Equivalente normativa (no SI: UK, US, etc.)",Vigente
G59,,milliampere per litre minute,,mA/(l·min),"1,666 67 × 10⁻² m⁻³ x s⁻¹ x A",1M,Normativa - múltiplos de uso común,Vigente
G60,,volt per bar,,V/bar,10⁻⁵ m³ x s⁻¹ x A⁻¹,1M,Normativa - múltiplos de uso común,Vigente
G61,,cubic centimetre per day kelvin,,cm³/(d·K),"1,157 41 × 10⁻¹¹ m³ x s⁻¹ x K⁻¹",1M,Normativa - múltiplos de uso común,Vigente
G62,,cubic centimetre per hour kelvin,,cm³/(h·K),"2,777 78 × 10⁻¹⁰ m³ x s⁻¹ x K⁻¹",1M,Normativa - múltiplos de uso común,Vigente
G63,,cubic centimetre per minute kelvin,,cm³/(min·K),"1,666 67 × 10⁻⁸ m³ x s⁻¹ x K⁻¹",1M,Normativa - múltiplos de uso común,Vigente
G64,,cubic centimetre per second kelvin,,cm³/(s·K),10⁻⁶ m³ x s⁻¹ x K⁻¹,1M,Normativa - múltiplos de uso común,Vigente
G65,,litre per day kelvin,,l/(d·K),"1,157 41 × 10⁻⁸ m³ x s⁻¹ x K⁻¹",1M,Normativa - múltiplos de uso común,Vigente
G66,,litre per hour kelvin,,l/(h·K),"2,777 78 × 10⁻⁷ m³ x s⁻¹ x K⁻¹",1M,Normativa - múltiplos de uso común,Vigente
G67,,litre per minute kelvin,,l/(min·K),"1,666 67 × 10⁻⁵ m³ x s⁻¹ x K⁻¹",1M,Normativa - múltiplos de uso común,Vigente
G68,,litre per second kelvin,,l/(s·K),10⁻³ m³ x s⁻¹ x K⁻¹,1M,Normativa - múltiplos de uso común,Vigente
G69,,cubic metre per day kelvin,,m³/(d·K),"1,157 41 × 10⁻⁵ m³ x s⁻¹ x K⁻¹",1M,Normativa - múltiplos de uso común,Vigente
G7,,microfiche sheet,,,,3.9,Informativa - varias,Eliminado de la Rec. 20
G70,,cubic metre per hour kelvin,,m³/(h·K),"2,777 78 × 10⁻⁴ m³ x s⁻¹ x K⁻¹",1M,Normativa - múltiplos de uso común,Vigente
G71,,cubic metre per minute kelvin,,m³/(min·K),"1,666 67 × 10⁻² m³ x s⁻¹ x K⁻¹",1M,Normativa - múltiplos de uso común,Vigente
G72,,cubic metre per second kelvin,,m³/(s·K),m³ x s⁻¹ x K⁻¹,1M,Normativa - múltiplos de uso común,Vigente
G73,,millilitre per day kelvin,,ml/(d·K),"1,157 41 × 10⁻¹¹ m³ x s⁻¹ x K⁻¹",1M,Normativa - múltiplos de uso común,Vigente
G74,,millilitre per hour kelvin,,ml/(h·K),"2,777 78 × 10⁻¹⁰ m³ x s⁻¹ x K⁻¹",1M,Normativa - múltiplos de uso común,Vigente
G75,,millilitre per minute kelvin,,ml/(min·K),"1,666 67 × 10⁻⁸ m³ x s⁻¹ x K⁻¹",1M,Normativa - múltiplos de uso común,Vigente
G76,,millilitre per second kelvin,,ml/(s·K),10⁻⁶ m³ x s⁻¹ x K⁻¹,1M,Normativa - múltiplos de uso común,Vigente
G77,,millimetre to the fourth power,,mm⁴,10⁻¹² m⁴,1M,Normativa - múltiplos de uso común,Vigente
G78,,cubic centimetre per day bar,,cm³/(d·bar),"1,157 41 × 10⁻¹⁶ kg⁻¹ x m⁴ x s",1M,Normativa - múltiplos de uso común,Vigente
G79,,cubic centimetre per hour bar,,cm³/(h·bar),"2,777 78 × 10⁻¹⁵ kg⁻¹ x m⁴ x s",1M,Normativa - múltiplos de uso común,Vigente
G80,,cubic centimetre per minute bar,,cm³/(min·bar),"1,666 67 × 10⁻¹³ kg⁻¹ x m⁴ x s",1M,Normativa - múltiplos de uso común,Vigente
G81,,cubic centimetre per second bar,,cm³/(s·bar),10⁻¹¹ kg⁻¹ x m⁴ x s,1M,Normativa - múltiplos de uso común,Vigente
G82,,litre per day bar,,l/(d·bar),"1,157 41 × 10⁻¹³ kg⁻¹ x m⁴ x s",1M,Normativa - múltiplos de uso común,Vigente
G83,,litre per hour bar,,l/(h·bar),"2,777 78 × 10⁻¹² kg⁻¹ x m⁴ x s",1M,Normativa - múltiplos de uso común,Vigente
G84,,litre per minute bar,,l/(min·bar),"1,666 67 × 10⁻¹⁰ kg⁻¹ x m⁴ x s",1M,Normativa - múltiplos de uso común,Vigente
G85,,litre per second bar,,l/(s·bar),10⁻⁸ kg⁻¹ x m⁴ x s,1M,Normativa - múltiplos de uso común,Vigente
G86,,cubic metre per day bar,,m³/(d·bar),"1,157 41 × 10⁻¹⁰ kg⁻¹ x m⁴ x s",1M,Normativa - múltiplos de uso común,Vigente
G87,,cubic metre per hour bar,,m³/(h·bar),"2,777 78 × 10⁻⁹ kg⁻¹ x m⁴ x s",1M,Normativa - múltiplos de uso común,Vigente
G88,,cubic metre per minute bar,,m³/(min·bar),"1,666 67 × 10⁻⁷ kg⁻¹ x m⁴ x s",1M,Normativa - múltiplos de uso común,Vigente
G89,,cubic metre per second bar,,m³/(s·bar),10⁻⁵ kg⁻¹ x m⁴ x s,1M,Normativa - múltiplos de uso común,Vigente
G90,,millilitre per day bar,,ml/(d·bar),"1,157 41 x 10⁻¹⁶ x kg⁻¹ x m⁴ x s",1M,Normativa - múltiplos de uso común,Vigente
G91,,millilitre per hour bar,,ml/(h·bar),"2,777 78 x 10⁻¹⁵ x kg⁻¹ x m⁴ x s",1M,Normativa - múltiplos de uso común,Vigente
G92,,millilitre per minute bar,,ml/(min·bar),"1,666 67 × 10⁻¹³ x kg⁻¹ x m⁴ x s",1M,Normativa - múltiplos de uso común,Vigente
G93,,millilitre per second bar,,ml/(s·bar),10⁻¹¹ kg⁻¹ x m⁴ x s,1M,Normativa - múltiplos de uso común,Vigente
G94,,cubic centimetre per bar,,cm³/bar,10⁻¹¹ kg⁻¹ x m⁴ x s²,1M,Normativa - múltiplos de uso común,Vigente
G95,,litre per bar,,l/bar,10⁻⁸ kg⁻¹ x m⁴ x s²,1M,Normativa - múltiplos de uso común,Vigente
G96,,cubic metre per bar,,m³/bar,10⁻⁵ kg⁻¹ x m⁴ x s²,1M,Normativa - múltiplos de uso común,Vigente
G97,,millilitre per bar,,ml/bar,10⁻¹¹ kg⁻¹ x m⁴ x s²,1M,Normativa - múltiplos de uso común,Vigente
G98,,microhenry per kiloohm,,µH/kΩ,10⁻⁹ s,1M,Normativa - múltiplos de uso común,Vigente
G99,,microhenry per ohm,,µH/Ω,10⁻⁶ s,1M,Normativa - múltiplos de uso común,Vigente
GB,,gallon (US) per day,,gal (US)/d,"4,381 264 x 10⁻⁸ m³/s",3.5,Informativa - unidades específicas de industria,Vigente
GBQ,,gigabecquerel,,GBq,10⁹ Bq,1M,Normativa - múltiplos de uso común,Vigente
GC,,gram per 100 gram,,,,3.7,Informativa - enteros / números / razones,Eliminado de la Rec. 20
GD,,gross barrel,,,,3.1,Informativa - unidades base calificadas (niveles 1 y 2),Eliminado de la Rec. 20
GDW,,"gram, dry weight","A unit of mass defining the number of grams of a product, disregarding the water content of the product.",,,3.1,Informativa - unidades base calificadas (niveles 1 y 2),Vigente
GE,,pound per gallon (US),,lb/gal (US),"1,198 264 x 10² kg/m³",2,"Equivalente normativa (no SI: UK, US, etc.)",Vigente
GF,,gram per metre (gram per 100 centimetres),,g/m,10⁻³ kg/m,1M,Normativa - múltiplos de uso común,Vigente
GFI,,gram of fissile isotope,A unit of mass defining the number of grams of a fissile isotope (fissile isotope: an isotope whose nucleus is able to be split when irradiated with low energy neutrons).,gi F/S,,3.1,Informativa - unidades base calificadas (niveles 1 y 2),Vigente
GGR,gran gruesa (144 docenas),great gross,A unit of count defining the number of units in multiples of 1728 (12 x 12 x 12).,,1728,3.7,Informativa - enteros / números / razones,Vigente
GH,,half gallon (US),,,,3.8,Informativa - múltiplos / fracciones / decimales,Eliminado de la Rec. 20
GIA,,gill (US),,gi (US),"1,182 941 x 10⁻⁴ m³",3.5,Informativa - unidades específicas de industria,Vigente
GIC,,"gram, including container","A unit of mass defining the number of grams of a product, including its container.",,,3.1,Informativa - unidades base calificadas (niveles 1 y 2),Vigente
GII,,gill (UK),,gi (UK),"1,420 653 x 10⁻⁴ m³",3.5,Informativa - unidades específicas de industria,Vigente
GIP,,"gram, including inner packaging","A unit of mass defining the number of grams of a product, including its inner packaging materials.",,,3.1,Informativa - unidades base calificadas (niveles 1 y 2),Vigente
GJ,,gram per millilitre,,g/ml,10³ kg/m³,1S,Normativa - múltiplos estándar,Vigente
GK,,gram per kilogram,,,,3.7,Informativa - enteros / números / razones,Eliminado de la Rec. 20
GL,,gram per litre,,g/l,kg/m³,1S,Normativa - múltiplos estándar,Vigente
GLD,galón seco (EE.UU.),dry gallon (US),,dry gal (US),"4,404 884 x 10⁻³ m³",2,"Equivalente normativa (no SI: UK, US, etc.)",Vigente
GLI,galón (Reino Unido),gallon (UK),,gal (UK),"4,546 092 x 10⁻³ m³",2,"Equivalente normativa (no SI: UK, US, etc.)",Vigente
GLL,galón (EE.UU.),gallon (US),,gal (US),"3,785 412 x 10⁻³ m³",2,"Equivalente normativa (no SI: UK, US, etc.)",Vigente
GM,,gram per square metre,,g/m²,10⁻³ kg/m²,1M,Normativa - múltiplos de uso común,Vigente
GN,,gross gallon,,,,3.1,Informativa - unidades base calificadas (niveles 1 y 2),Eliminado de la Rec. 20
GO,,milligram per square metre,,mg/m²,10⁻⁶ kg/m²,1,Normativa (SI),Vigente
GP,,milligram per cubic metre,,mg/m³,10⁻⁶ kg/m³,1M,Normativa - múltiplos de uso común,Vigente
GQ,,microgram per cubic metre,,µg/m³,10⁻⁹ kg/m³,1M,Normativa - múltiplos de uso común,Vigente
GRM,gramo,gram,,g,10⁻³ kg,1S,Normativa - múltiplos estándar,Vigente
GRN,,grain,,gr,"64,798 91 x 10⁻⁶ kg",2,"Equivalente normativa (no SI: UK, US, etc.)",Vigente
GRO,gruesa (12 docenas),gross,A unit of count defining the number of units in multiples of 144 (12 x 12).,gr,144,3.7,Informativa - enteros / números / razones,Vigente
GRT,,gross register ton,"A unit of mass equal to the total cubic footage before deductions, where 1 register ton is equal to 100 cubic feet. Refer International Convention on tonnage measurement of ships.",,,3.4,Informativa - unidades de envío y transporte,Obsoleto (deprecated)
GT,,gross ton,"A unit of mass equal to 2240 pounds. Refer International Convention on Tonnage measurement of Ships.,Synonym: ton (UK) or long ton (US) (common code LTN)",,,"3.1,3.4",Informativa - unidades base calificadas (niveles 1 y 2) | Informativa - unidades de envío y transporte,Obsoleto (deprecated)
GV,,gigajoule,,GJ,10⁹ J,1S,Normativa - múltiplos estándar,Vigente
GW,,gallon per thousand cubic foot,,,,3.5,Informativa - unidades específicas de industria,Eliminado de la Rec. 20
GWH,gigavatio hora,gigawatt hour,,GW·h,"3,6 x 10¹² J",1S,Normativa - múltiplos estándar,Vigente
GY,,gross yard,,,,3.1,Informativa - unidades base calificadas (niveles 1 y 2),Eliminado de la Rec. 20
GZ,,gage system,,,,3.9,Informativa - varias,Eliminado de la Rec. 20
H03,,henry per kiloohm,,H/kΩ,10⁻³ s,1M,Normativa - múltiplos de uso común,Vigente
H04,,henry per ohm,,H/Ω,s,1M,Normativa - múltiplos de uso común,Vigente
H05,,millihenry per kiloohm,,mH/kΩ,10⁻⁶ s,1M,Normativa - múltiplos de uso común,Vigente
H06,,millihenry per ohm,,mH/Ω,10⁻³ s,1M,Normativa - múltiplos de uso común,Vigente
H07,,pascal second per bar,,Pa·s/bar,10⁻⁵ s,1M,Normativa - múltiplos de uso común,Vigente
H08,,microbecquerel,,µBq,10⁻⁶ Bq,1M,Normativa - múltiplos de uso común,Vigente
H09,,reciprocal year,,1/y,"3,168 81 x 10⁻⁸ s⁻¹",1M,Normativa - múltiplos de uso común,Vigente
H1,,half page – electronic,,,,3.9,Informativa - varias,Eliminado de la Rec. 20
H10,,reciprocal hour,,1/h,"2,777 78 × 10⁻⁴ s⁻¹",1M,Normativa - múltiplos de uso común,Vigente
H11,,reciprocal month,,1/mo,"3,802 57 × 10⁻⁷ s⁻¹",1M,Normativa - múltiplos de uso común,Vigente
H12,,degree Celsius per hour,,°C/h,"2,777 78 x 10⁻⁴ s⁻¹ K",1M,Normativa - múltiplos de uso común,Vigente
H13,,degree Celsius per minute,,°C/min,"1,666 67 x 10⁻² s⁻¹ K",1M,Normativa - múltiplos de uso común,Vigente
H14,,degree Celsius per second,,°C/s,s⁻¹ K,1M,Normativa - múltiplos de uso común,Vigente
H15,,square centimetre per gram,,cm²/g,10⁻¹ kg⁻¹ x m²,1M,Normativa - múltiplos de uso común,Vigente
H16,,square decametre,Synonym: are,dam²,10² m²,1S,Normativa - múltiplos estándar,Vigente
H18,,square hectometre,Synonym: hectare,hm²,10⁴ m²,1S,Normativa - múltiplos estándar,Vigente
H19,,cubic hectometre,,hm³,10⁶ m³,1S,Normativa - múltiplos estándar,Vigente
H2,,half litre,,,,3.8,Informativa - múltiplos / fracciones / decimales,Eliminado de la Rec. 20
H20,,cubic kilometre,,km³,10⁹ m³,1S,Normativa - múltiplos estándar,Vigente
H21,,blank,A unit of count defining the number of blanks.,,,3.2,Informativa - unidades de venta,Vigente
H22,,volt square inch per pound-force,,V/(lbf/in²),"1,450 377 439 8 × 10⁻⁴ m³ x s⁻¹ x A⁻¹",2.0,2.0,Vigente
H23,,volt per inch,,V/in,"3,937 007 874 × 10¹ m x kg x s⁻³ x A⁻¹",2.0,2.0,Vigente
H24,,volt per microsecond,,V/µs,10⁶ V/s,1S,Normativa - múltiplos estándar,Vigente
H25,,percent per kelvin,"A unit of proportion, equal to 0.01, in relation to the SI base unit Kelvin.",%/K,10⁻² K⁻¹,3.7,Informativa - enteros / números / razones,Vigente
H26,,ohm per metre,,Ω/m,Ω/m,1M,Normativa - múltiplos de uso común,Vigente
H27,,degree per metre,,°/m,"1,745 329 x 10⁻² rad/m",2,"Equivalente normativa (no SI: UK, US, etc.)",Vigente
H28,,microfarad per kilometre,,µF/km,10⁻⁹ F/m,1S,Normativa - múltiplos estándar,Vigente
H29,,microgram per litre,,µg/l,10⁻⁶ m⁻³ x kg,1M,Normativa - múltiplos de uso común,Vigente
H30,,square micrometre (square micron),,µm²,10⁻¹² m²,1S,Normativa - múltiplos estándar,Vigente
H31,,ampere per kilogram,,A/kg,A x kg⁻¹,1.0,1.0,Vigente
H32,,ampere squared second,,A²·s,A² x s,1.0,1.0,Vigente
H33,,farad per kilometre,,F/km,10⁻³ F/m,1S,Normativa - múltiplos estándar,Vigente
H34,,hertz metre,,Hz·m,Hz x m,2,"Equivalente normativa (no SI: UK, US, etc.)",Vigente
H35,,kelvin metre per watt,,K·m/W,K x m⁻¹ x kg⁻¹ x s³,1.0,1.0,Vigente
H36,,megaohm per kilometre,,MΩ/km,10³ Ω/m,1M,Normativa - múltiplos de uso común,Vigente
H37,,megaohm per metre,,MΩ/m,10⁶ Ω/m,1M,Normativa - múltiplos de uso común,Vigente
H38,,megaampere,,MA,10⁶ A,1S,Normativa - múltiplos estándar,Vigente
H39,,megahertz kilometre,,MHz·km,10⁹ Hz x m,2,"Equivalente normativa (no SI: UK, US, etc.)",Vigente
H40,,newton per ampere,,N/A,kg x m x s⁻² x A⁻¹,1.0,1.0,Vigente
H41,,"newton metre watt to the power minus 0,5",,N·m·W⁻⁰‧⁵,kg x m² x s⁻² x W⁻⁰‧⁵,2.0,2.0,Vigente
H42,,pascal per metre,,Pa/m,m⁻² kg x s⁻²,1M,Normativa - múltiplos de uso común,Vigente
H43,,siemens per centimetre,,S/cm,10² S/m,1S,Normativa - múltiplos estándar,Vigente
H44,,teraohm,,TΩ,10¹² Ω,1S,Normativa - múltiplos estándar,Vigente
H45,,volt second per metre,,V·s/m,m x kg x s⁻² x A⁻¹,1.0,1.0,Vigente
H46,,volt per second,,V/s,m² x kg x s⁻⁴ x A⁻¹,1S,Normativa - múltiplos estándar,Vigente
H47,,watt per cubic metre,,W/m³,m⁻¹ x kg x s⁻³,1.0,1.0,Vigente
H48,,attofarad,,aF,10⁻¹⁸ m⁻² x kg⁻¹ x s⁴ x A²,1S,Normativa - múltiplos estándar,Vigente
H49,,centimetre per hour,,cm/h,"0,277 777 778 × 10⁻⁶ m x s⁻¹",1M,Normativa - múltiplos de uso común,Vigente
H50,,reciprocal cubic centimetre,,cm⁻³,10⁶ m⁻³,1M,Normativa - múltiplos de uso común,Vigente
H51,,decibel per kilometre,,dB/km,10⁻⁴ B/m,1.0,1.0,Vigente
H52,,decibel per metre,,dB/m,10⁻¹ B/m,1.0,1.0,Vigente
H53,,kilogram per bar,,kg/bar,10⁻⁵ m x s²,1M,Normativa - múltiplos de uso común,Vigente
H54,,kilogram per cubic decimetre kelvin,,(kg/dm³)/K,10³ m⁻³ x kg x K⁻¹,1M,Normativa - múltiplos de uso común,Vigente
H55,,kilogram per cubic decimetre bar,,(kg/dm³)/bar,10⁻² m⁻² x s²,1M,Normativa - múltiplos de uso común,Vigente
H56,,kilogram per square metre second,,kg/(m²·s),kg m⁻² x s⁻¹,1.0,1.0,Vigente
H57,,inch per two pi radiant,,in/revolution,"2,54 x 10⁻² m/(2 x π x rad)",2.0,2.0,Vigente
H58,,metre per volt second,,m/(V·s),m⁻¹ x kg⁻¹ x s² x A,1.0,1.0,Vigente
H59,,square metre per newton,,m²/N,m x kg⁻¹ x s²,1.0,1.0,Vigente
H60,,cubic metre per cubic metre,,m³/m³,1.0,1M,Normativa - múltiplos de uso común,Vigente
H61,,millisiemens per centimetre,,mS/cm,10⁻¹ S/m,1S,Normativa - múltiplos estándar,Vigente
H62,,millivolt per minute,,mV/min,"1,666 666 667 × 10⁻⁵ m² x kg x s⁻⁴ x A⁻¹",1M,Normativa - múltiplos de uso común,Vigente
H63,,milligram per square centimetre,,mg/cm²,10⁻² m⁻² x kg,1S,Normativa - múltiplos estándar,Vigente
H64,,milligram per gram,,mg/g,10⁻³ 1,1S,Normativa - múltiplos estándar,Vigente
H65,,millilitre per cubic metre,,ml/m³,10⁻⁶ 1,1M,Normativa - múltiplos de uso común,Vigente
H66,,millimetre per year,,mm/y,"3,15576 × 10⁴ m x s⁻¹",2.0,2.0,Vigente
H67,,millimetre per hour,,mm/h,"0,277 777 778 × 10⁻⁷ m x s⁻¹",2.0,2.0,Vigente
H68,,millimole per gram,,mmol/g,mol x kg⁻¹,1M,Normativa - múltiplos de uso común,Vigente
H69,,picopascal per kilometre,,pPa/km,10⁻¹⁵ m⁻² x kg x s⁻²,1M,Normativa - múltiplos de uso común,Vigente
H70,,picosecond,,ps,10⁻¹² s,1.0,1.0,Vigente
H71,,percent per month,"A unit of proportion, equal to 0.01, in relation to a month.",%/mo,,3.7,Informativa - enteros / números / razones,Vigente
H72,,percent per hectobar,"A unit of proportion, equal to 0.01, in relation to 100-fold of the unit bar.",%/hbar,,3.7,Informativa - enteros / números / razones,Vigente
H73,,percent per decakelvin,"A unit of proportion, equal to 0.01, in relation to 10-fold of the SI base unit Kelvin.",%/daK,10⁻³ K⁻¹,3.7,Informativa - enteros / números / razones,Vigente
H74,,watt per metre,,W/m,W m⁻¹,1M,Normativa - múltiplos de uso común,Vigente
H75,,decapascal,,daPa,10¹ Pa,1M,Normativa - múltiplos de uso común,Vigente
H76,,gram per millimetre,,g/mm,10¹ kg x m⁻¹,1M,Normativa - múltiplos de uso común,Vigente
H77,,module width,A unit of measure used to describe the breadth of electronic assemblies as an installation standard or mounting dimension.,MW,,3,Informativa,Vigente
H78,,conventional centimetre of water,,cm H₂O,"9,806 65 × 10¹ Pa",2,"Equivalente normativa (no SI: UK, US, etc.)",Obsoleto (deprecated)
H79,,French gauge,"A unit of distance used for measuring the diameter of small tubes such as urological instruments and catheters.,Synonym: French, Charrière, Charrière gauge",Fg,"0,333 333 333 × 10⁻³ m",2,"Equivalente normativa (no SI: UK, US, etc.)",Vigente
H80,,rack unit,A unit of measure used to describe the height in rack units of equipment intended for mounting in a 19-inch rack or a 23-inch rack. One rack unit is 1.75 inches (44.45 mm) high.,U or RU,"4,445 × 10⁻² m",3,Informativa,Vigente
H81,,millimetre per minute,,mm/min,"1,666 666 667 × 10⁻⁵ m x s⁻¹",1M,Normativa - múltiplos de uso común,Vigente
H82,,big point,A unit of length defining the number of big points (big point: Adobe software(US) defines the big point to be exactly 1/72 inch (0.013 888 9 inch or 0.352 777 8 millimeters)),bp,"0,352 777 8 × 10⁻³ m",3.5,Informativa - unidades específicas de industria,Vigente
H83,,litre per kilogram,,l/kg,10⁻³ m³ x kg⁻¹,1M,Normativa - múltiplos de uso común,Vigente
H84,,gram millimetre,,g·mm,10⁻⁶ kg x m,1M,Normativa - múltiplos de uso común,Vigente
H85,,reciprocal week,,1/wk,"1,647 989 452 868 × 10⁻⁶ s⁻¹",1M,Normativa - múltiplos de uso común,Vigente
H87,pieza,piece,"A unit of count defining the number of pieces (piece: a single item, article or exemplar).",,,3.8,Informativa - múltiplos / fracciones / decimales,Vigente
H88,,megaohm kilometre,,MΩ·km,10⁹ Ω x m,1S,Normativa - múltiplos estándar,Vigente
H89,,percent per ohm,"A unit of proportion, equal to 0.01, in relation to the SI derived unit ohm.",%/Ω,10⁻² Ω⁻¹,3.7,Informativa - enteros / números / razones,Vigente
H90,,percent per degree,"A unit of proportion, equal to 0.01, in relation to an angle of one degree.",%/°,"0,572 957 8 rad⁻¹",3.7,Informativa - enteros / números / razones,Vigente
H91,,percent per ten thousand,"A unit of proportion, equal to 0.01, in relation to multiples of ten thousand.",%/10000,10⁻⁶,3.7,Informativa - enteros / números / razones,Vigente
H92,,percent per one hundred thousand,"A unit of proportion, equal to 0.01, in relation to multiples of one hundred thousand.",%/100000,10⁻⁷,3.7,Informativa - enteros / números / razones,Vigente
H93,,percent per hundred,"A unit of proportion, equal to 0.01, in relation to multiples of one hundred.",%/100,10⁻⁴,3.7,Informativa - enteros / números / razones,Vigente
H94,,percent per thousand,"A unit of proportion, equal to 0.01, in relation to multiples of one thousand.",%/1000,10⁻⁵,3.7,Informativa - enteros / números / razones,Vigente
H95,,percent per volt,"A unit of proportion, equal to 0.01, in relation to the SI derived unit volt.",%/V,10⁻² V⁻¹,3.7,Informativa - enteros / números / razones,Vigente
H96,,percent per bar,"A unit of proportion, equal to 0.01, in relation to an atmospheric pressure of one bar.",%/bar,10⁻⁷ Pa⁻¹,3.7,Informativa - enteros / números / razones,Vigente
H98,,percent per inch,"A unit of proportion, equal to 0.01, in relation to an inch.",%/in,"0,393 700 8 m⁻¹",3.7,Informativa - enteros / números / razones,Vigente
H99,,percent per metre,"A unit of proportion, equal to 0.01, in relation to a metre.",%/m,10⁻² m⁻¹,3.7,Informativa - enteros / números / razones,Vigente
HA,,hank,"A unit of length, typically for yarn.",,,3.9,Informativa - varias,Vigente
HAD,,Piece Day,Unit for measuring the item amount and time as required by DIN 18451,piece·d,,3.2,Informativa - unidades de venta,Vigente
HAR,hectárea,hectare,Synonym: square hectometre,ha,10⁴ m²,2.0,2.0,Obsoleto (deprecated)
HBA,,hectobar,,hbar,10⁷ Pa,1M,Normativa - múltiplos de uso común,Vigente
HBX,,hundred boxes,A unit of count defining the number of boxes in multiples of one hundred box units.,,,3.2,Informativa - unidades de venta,Vigente
HC,,hundred count,A unit of count defining the number of units counted in multiples of 100.,,,3.7,Informativa - enteros / números / razones,Vigente
HD,,half dozen,,,6,3.7,Informativa - enteros / números / razones,Eliminado de la Rec. 20
HDW,,"hundred kilogram, dry weight","A unit of mass defining the number of hundred kilograms of a product, disregarding the water content of the product.",,,3.1,Informativa - unidades base calificadas (niveles 1 y 2),Vigente
HE,,hundredth of a carat,,,,3.5,Informativa - unidades específicas de industria,Eliminado de la Rec. 20
HEA,,head,A unit of count defining the number of heads (head: a person or animal considered as one of a number).,,,3.5,Informativa - unidades específicas de industria,Vigente
HF,,hundred foot,,,,3.8,Informativa - múltiplos / fracciones / decimales,Eliminado de la Rec. 20
HGM,,hectogram,,hg,10⁻¹ kg,1M,Normativa - múltiplos de uso común,Vigente
HH,,hundred cubic foot,A unit of volume equal to one hundred cubic foot.,,,3.8,Informativa - múltiplos / fracciones / decimales,Vigente
HI,,hundred sheet,,,,3.8,Informativa - múltiplos / fracciones / decimales,Eliminado de la Rec. 20
HIU,,hundred international unit,A unit of count defining the number of international units in multiples of 100.,,,3.7,Informativa - enteros / números / razones,Vigente
HJ,,metric horse power,,metric hp,"735,498 75 W",2,"Equivalente normativa (no SI: UK, US, etc.)",Obsoleto (deprecated)
HK,,hundred kilogram,,,,3.8,Informativa - múltiplos / fracciones / decimales,Eliminado de la Rec. 20
HKM,,"hundred kilogram, net mass","A unit of mass defining the number of hundred kilograms of a product, after deductions.",,,3.1,Informativa - unidades base calificadas (niveles 1 y 2),Vigente
HL,,hundred foot (linear),,,,3.8,Informativa - múltiplos / fracciones / decimales,Eliminado de la Rec. 20
HLT,hectolitro,hectolitre,,hl,10⁻¹ m³,1S,Normativa - múltiplos estándar,Vigente
HM,,mile per hour (statute mile),,mile/h,"0,447 04 m/s",2,"Equivalente normativa (no SI: UK, US, etc.)",Vigente
HMO,,Piece Month,Unit for measuring the item amount and time as required by DIN 18451,piece·mo,,3.2,Informativa - unidades de venta,Vigente
HMQ,,million cubic metre,A unit of volume equal to one million cubic metres.,Mm³,,3.8,Informativa - múltiplos / fracciones / decimales,Vigente
HMT,hectómetro,hectometre,,hm,10² m,1M,Normativa - múltiplos de uso común,Vigente
HN,,conventional millimetre of mercury,,mm Hg,"133,322 4 Pa",2,"Equivalente normativa (no SI: UK, US, etc.)",Obsoleto (deprecated)
HO,,hundred troy ounce,,,,3.8,Informativa - múltiplos / fracciones / decimales,Eliminado de la Rec. 20
HP,,conventional millimetre of water,,mm H₂O,"9,806 65 Pa",2,"Equivalente normativa (no SI: UK, US, etc.)",Obsoleto (deprecated)
HPA,,hectolitre of pure alcohol,A unit of volume equal to one hundred litres of pure alcohol.,,,3.1,Informativa - unidades base calificadas (niveles 1 y 2),Vigente
HS,,hundred square foot,,,,3.8,Informativa - múltiplos / fracciones / decimales,Eliminado de la Rec. 20
HT,,half hour,,,,3.8,Informativa - múltiplos / fracciones / decimales,Eliminado de la Rec. 20
HTZ,hercio,hertz,,Hz,Hz,1,Normativa (SI),Vigente
HUR,hora,hour,,h,3 600 s,1,Normativa (SI),Vigente
HWE,,Piece Week,Unit for measuring the item amount and time as required by DIN 18451,piece·k,,3.2,Informativa - unidades de venta,Vigente
HY,,hundred yard,,,,3.8,Informativa - múltiplos / fracciones / decimales,Eliminado de la Rec. 20
IA,,inch pound (pound inch),,in·lb,"1,152 12 x 10⁻² kg x m",2,"Equivalente normativa (no SI: UK, US, etc.)",Vigente
IC,,count per inch,,,,3.9,Informativa - varias,Eliminado de la Rec. 20
IE,,person,A unit of count defining the number of persons.,,,3.9,Informativa - varias,Vigente
IF,,inches of water,Use inch of water (common code F78),,,3.1,Informativa - unidades base calificadas (niveles 1 y 2),Eliminado de la Rec. 20
II,,column inch,,,,3.9,Informativa - varias,Eliminado de la Rec. 20
IL,,inch per minute,,,,3.5,Informativa - unidades específicas de industria,Eliminado de la Rec. 20
IM,,impression,,,,3.9,Informativa - varias,Eliminado de la Rec. 20
INH,pulgada,inch,,in,"25,4 x 10⁻³ m",2,"Equivalente normativa (no SI: UK, US, etc.)",Vigente
INK,pulgada cuadrada,square inch,,in²,"6,451 6 x 10⁻⁴ m²",2,"Equivalente normativa (no SI: UK, US, etc.)",Vigente
INQ,pulgada cúbica,cubic inch,Synonym: inch cubed,in³,"16,387 064 x 10⁻⁶ m³",2,"Equivalente normativa (no SI: UK, US, etc.)",Vigente
IP,,insurance policy,,,,3.9,Informativa - varias,Eliminado de la Rec. 20
ISD,,international sugar degree,"A unit of measure defining the sugar content of a solution, expressed in degrees.",,,3.5,Informativa - unidades específicas de industria,Vigente
IT,,count per centimetre,,,,3.9,Informativa - varias,Eliminado de la Rec. 20
IU,,inch per second,,in/s,"0,025 4 m/s",2,"Equivalente normativa (no SI: UK, US, etc.)",Vigente
IUG,,international unit per gram,A unit of count defining the number of international units per gram.,,,3.7,Informativa - enteros / números / razones,Vigente
IV,,inch per second squared,,in/s²,"0,025 4 m/s²",2,"Equivalente normativa (no SI: UK, US, etc.)",Vigente
J10,,percent per millimetre,"A unit of proportion, equal to 0.01, in relation to a millimetre.",%/mm,10 m⁻¹,3.7,Informativa - enteros / números / razones,Vigente
J12,,per mille per psi,A unit of pressure equal to one thousandth of a psi (pound-force per square inch).,‰/psi,"1,450 377 x 10⁻⁷ Pa⁻¹",3.7,Informativa - enteros / números / razones,Vigente
J13,,degree API,A unit of relative density as a measure of how heavy or light a petroleum liquid is compared to water (API: American Petroleum Institute).,°API,,3.5,Informativa - unidades específicas de industria,Vigente
J14,,degree Baume (origin scale),A traditional unit of relative density for liquids. Named after Antoine Baumé.,°Bé,,3.5,Informativa - unidades específicas de industria,Vigente
J15,,degree Baume (US heavy),A unit of relative density for liquids heavier than water.,°Bé (US heavy),,3.5,Informativa - unidades específicas de industria,Vigente
J16,,degree Baume (US light),A unit of relative density for liquids lighter than water.,°Bé (US light),,3.5,Informativa - unidades específicas de industria,Vigente
J17,,degree Balling,"A unit of density as a measure of sugar content, especially of beer wort. Named after Karl Balling.",°Balling,,3.5,Informativa - unidades específicas de industria,Vigente
J18,,degree Brix,A unit of proportion used in measuring the dissolved sugar-to-water mass ratio of a liquid. Named after Adolf Brix.,°Bx,,3.5,Informativa - unidades específicas de industria,Vigente
J19,,degree Fahrenheit hour square foot per British thermal unit (thermochemical),,°F·h·ft²/Btuth,"0,176 228 m² x K/W",2,"Equivalente normativa (no SI: UK, US, etc.)",Vigente
J2,,joule per kilogram,,J/kg,J/kg,1,Normativa (SI),Vigente
J20,,degree Fahrenheit per kelvin,,°F/K,"0,555 555 6",2,"Equivalente normativa (no SI: UK, US, etc.)",Vigente
J21,,degree Fahrenheit per bar,,°F/bar,"0,555 555 6 x 10⁻⁵ K/Pa",2,"Equivalente normativa (no SI: UK, US, etc.)",Vigente
J22,,degree Fahrenheit hour square foot per British thermal unit (international table),,°F·h·ft²/BtuIT,"0,176 110 2 m² x K/W",2,"Equivalente normativa (no SI: UK, US, etc.)",Vigente
J23,,degree Fahrenheit per hour,,°F/h,"1,543 210 x 10⁻⁴ K/s",2,"Equivalente normativa (no SI: UK, US, etc.)",Vigente
J24,,degree Fahrenheit per minute,,°F/min,"9,259 259 x 10⁻³  K/s",2,"Equivalente normativa (no SI: UK, US, etc.)",Vigente
J25,,degree Fahrenheit per second,,°F/s,"0,555 555 6 K/s",2,"Equivalente normativa (no SI: UK, US, etc.)",Vigente
J26,,reciprocal degree Fahrenheit,,1/°F,"1,8 1/K",2,"Equivalente normativa (no SI: UK, US, etc.)",Vigente
J27,,degree Oechsle,"A unit of density as a measure of sugar content of must, the unfermented liqueur from which wine is made. Named after Ferdinand Oechsle.",°Oechsle,,3.5,Informativa - unidades específicas de industria,Vigente
J28,,degree Rankine per hour,,°R/h,"1,543 210 x 10⁻⁴ K/s",2,"Equivalente normativa (no SI: UK, US, etc.)",Vigente
J29,,degree Rankine per minute,,°R/min,"9,259 259 x 10⁻³  K/s",2,"Equivalente normativa (no SI: UK, US, etc.)",Vigente
J30,,degree Rankine per second,,°R/s,"0,555 555 6 K/s",2,"Equivalente normativa (no SI: UK, US, etc.)",Vigente
J31,,degree Twaddell,A unit of density for liquids that are heavier than water.  1 degree Twaddle represents a difference in specific gravity of 0.005.,°Tw,,3.5,Informativa - unidades específicas de industria,Vigente
J32,,micropoise,,µP,10⁻⁶ Pa x s,2,"Equivalente normativa (no SI: UK, US, etc.)",Vigente
J33,,microgram per kilogram,,µg/kg,10⁻⁹,1S,Normativa - múltiplos estándar,Vigente
J34,,microgram per cubic metre kelvin,,(µg/m³)/K,10⁻⁹ (kg/m³)/K,2,"Equivalente normativa (no SI: UK, US, etc.)",Vigente
J35,,microgram per cubic metre bar,,(µg/m³)/bar,10⁻¹⁴ (kg/m³)/Pa,2,"Equivalente normativa (no SI: UK, US, etc.)",Vigente
J36,,microlitre per litre,,µl/l,10⁻⁶,1S,Normativa - múltiplos estándar,Vigente
J38,,baud,A unit of signal transmission speed equal to one signalling event per second.,Bd,,3.6,Informativa - unidades de tecnología de la información,Vigente
J39,,British thermal unit (mean),,Btu,"1,055 87 x 10³ J",2,"Equivalente normativa (no SI: UK, US, etc.)",Vigente
J40,,British thermal unit (international table) foot per hour square foot degree Fahrenheit,,BtuIT·ft/(h·ft²·°F),"1,730 735 W/(m x K)",2,"Equivalente normativa (no SI: UK, US, etc.)",Vigente
J41,,British thermal unit (international table) inch per hour square foot degree Fahrenheit,,BtuIT·in/(h·ft²·°F),"0,144 227 9 W/(m x K)",2,"Equivalente normativa (no SI: UK, US, etc.)",Vigente
J42,,British thermal unit (international table) inch per second square foot degree Fahrenheit,,BtuIT·in/(s·ft²·°F),"5,192 204 x 10² W/(m x K)",2,"Equivalente normativa (no SI: UK, US, etc.)",Vigente
J43,,British thermal unit (international table) per pound degree Fahrenheit,,BtuIT/(lb·°F),"4,186 8 x 10³ J/(kg x K)",2,"Equivalente normativa (no SI: UK, US, etc.)",Vigente
J44,,British thermal unit (international table) per minute,,BtuIT/min,"17,584 266 W",2,"Equivalente normativa (no SI: UK, US, etc.)",Vigente
J45,,British thermal unit (international table) per second,,BtuIT/s,"1,055 056 x 10³ W",2,"Equivalente normativa (no SI: UK, US, etc.)",Vigente
J46,,British thermal unit (thermochemical) foot per hour square foot degree Fahrenheit,,Btuth·ft/(h·ft²·°F),"1,729 577 W/(m x K)",2,"Equivalente normativa (no SI: UK, US, etc.)",Vigente
J47,,British thermal unit (thermochemical) per hour,,Btuth/h,"0,292 875 1 W",2,"Equivalente normativa (no SI: UK, US, etc.)",Vigente
J48,,British thermal unit (thermochemical) inch per hour square foot degree Fahrenheit,,Btuth·in/(h·ft²·°F),"0,144 131 4 W/(m x K)",2,"Equivalente normativa (no SI: UK, US, etc.)",Vigente
J49,,British thermal unit (thermochemical) inch per second square foot degree Fahrenheit,,Btuth·in/(s·ft²·°F),"5,188 732 x 10² W/(m x K)",2,"Equivalente normativa (no SI: UK, US, etc.)",Vigente
J50,,British thermal unit (thermochemical) per pound degree Fahrenheit,,Btuth/(lb·°F),"4,184 x 10³ J/(kg x K)",2,"Equivalente normativa (no SI: UK, US, etc.)",Vigente
J51,,British thermal unit (thermochemical) per minute,,Btuth/min,"17,572 50 W",2,"Equivalente normativa (no SI: UK, US, etc.)",Vigente
J52,,British thermal unit (thermochemical) per second,,Btuth/s,"1,054 350 x 10³ W",2,"Equivalente normativa (no SI: UK, US, etc.)",Vigente
J53,,coulomb square metre per kilogram,,C·m²/kg,C x m²/kg,2,"Equivalente normativa (no SI: UK, US, etc.)",Vigente
J54,,megabaud,A unit of signal transmission speed equal to 10⁶ (1000000) signaling events per second.,MBd,10⁶ Bd,3.6,Informativa - unidades de tecnología de la información,Vigente
J55,,watt second,,W·s,W x s,1S,Normativa - múltiplos estándar,Vigente
J56,,bar per bar,,bar/bar,1,2,"Equivalente normativa (no SI: UK, US, etc.)",Vigente
J57,,barrel (UK petroleum),,bbl (UK liq.),"0,159 113 15 m³",2,"Equivalente normativa (no SI: UK, US, etc.)",Vigente
J58,,barrel (UK petroleum) per minute,,bbl (UK liq.)/min,"2,651 886 m³/s",2,"Equivalente normativa (no SI: UK, US, etc.)",Vigente
J59,,barrel (UK petroleum) per day,,bbl (UK liq.)/d,"1,841 587 4 x 10⁻⁶ m³/s",2,"Equivalente normativa (no SI: UK, US, etc.)",Vigente
J60,,barrel (UK petroleum) per hour,,bbl (UK liq.)/h,"4,419 810 x 10⁻⁵ m³/s",2,"Equivalente normativa (no SI: UK, US, etc.)",Vigente
J61,,barrel (UK petroleum) per second,,bbl (UK liq.)/s,"0,159 113 15 m³/s",2,"Equivalente normativa (no SI: UK, US, etc.)",Vigente
J62,,barrel (US petroleum) per hour,,bbl (US)/h,"4,416 314 x 10⁻⁵ m³/s",2,"Equivalente normativa (no SI: UK, US, etc.)",Vigente
J63,,barrel (US petroleum) per second,,bbl (US)/s,"0,158 987 3 m³/s",2,"Equivalente normativa (no SI: UK, US, etc.)",Vigente
J64,,bushel (UK) per day,,bu (UK)/d,"4,209 343 x 10⁻⁷ m³/s",2,"Equivalente normativa (no SI: UK, US, etc.)",Vigente
J65,,bushel (UK) per hour,,bu (UK)/h,"1,010 242 x 10⁻⁵ m³/s",2,"Equivalente normativa (no SI: UK, US, etc.)",Vigente
J66,,bushel (UK) per minute,,bu (UK)/min,"6,061 453 x 10⁻⁴ m³/s",2,"Equivalente normativa (no SI: UK, US, etc.)",Vigente
J67,,bushel (UK) per second,,bu (UK)/s,"3,636 872 x 10⁻² m³/s",2,"Equivalente normativa (no SI: UK, US, etc.)",Vigente
J68,,bushel (US dry) per day,,bu (US dry)/d,"4,078 596 x 10⁻⁷ m³/s",2,"Equivalente normativa (no SI: UK, US, etc.)",Vigente
J69,,bushel (US dry) per hour,,bu (US dry)/h,"9,788 631 x 10⁻⁶ m³/s",2,"Equivalente normativa (no SI: UK, US, etc.)",Vigente
J70,,bushel (US dry) per minute,,bu (US dry)/min,"5,873 178 x 10⁻⁴ m³/s",2,"Equivalente normativa (no SI: UK, US, etc.)",Vigente
J71,,bushel (US dry) per second,,bu (US dry)/s,"3,523 907 x 10⁻² m³/s",2,"Equivalente normativa (no SI: UK, US, etc.)",Vigente
J72,,centinewton metre,,cN·m,10⁻² N x m,1S,Normativa - múltiplos estándar,Vigente
J73,,centipoise per kelvin,,cP/K,10⁻³  Pa x s/K,2,"Equivalente normativa (no SI: UK, US, etc.)",Vigente
J74,,centipoise per bar,,cP/bar,10⁻⁸ s,2,"Equivalente normativa (no SI: UK, US, etc.)",Vigente
J75,,calorie (mean),,cal,"4,190 02 J",2,"Equivalente normativa (no SI: UK, US, etc.)",Vigente
J76,,calorie (international table) per gram degree Celsius,,calIT/(g·°C),"4,186 8 x 10³ J/(kg x K)",2,"Equivalente normativa (no SI: UK, US, etc.)",Vigente
J78,,calorie (thermochemical) per centimetre second degree Celsius,,calth/(cm·s·°C),"4,184 x 10² W/(m x K)",2,"Equivalente normativa (no SI: UK, US, etc.)",Vigente
J79,,calorie (thermochemical) per gram degree Celsius,,calth/(g·°C),"4,184 x 10³ J/(kg x K)",2,"Equivalente normativa (no SI: UK, US, etc.)",Vigente
J81,,calorie (thermochemical) per minute,,calth/min,"6,973 333 x 10⁻² W",2,"Equivalente normativa (no SI: UK, US, etc.)",Vigente
J82,,calorie (thermochemical) per second,,calth/s,"4,184 W",2,"Equivalente normativa (no SI: UK, US, etc.)",Vigente
J83,,clo,,clo,"0,155 m² x K/W",2,"Equivalente normativa (no SI: UK, US, etc.)",Vigente
J84,,centimetre per second kelvin,,(cm/s)/K,10⁻² (m/s)/K,2,"Equivalente normativa (no SI: UK, US, etc.)",Vigente
J85,,centimetre per second bar,,(cm/s)/bar,10⁻⁷ (m/s)/Pa,2,"Equivalente normativa (no SI: UK, US, etc.)",Vigente
J87,,cubic centimetre per cubic metre,,cm³/m³,10⁻⁶,1S,Normativa - múltiplos estándar,Vigente
J89,,centimetre of mercury,,cm Hg,"1,333 224 x 10³ Pa",2,"Equivalente normativa (no SI: UK, US, etc.)",Obsoleto (deprecated)
J90,,cubic decimetre per day,,dm³/d,"1,157 41 x 10⁻⁸ m³/s",1S,Normativa - múltiplos estándar,Vigente
J91,,cubic decimetre per cubic metre,,dm³/m³,10⁻³,1S,Normativa - múltiplos estándar,Vigente
J92,,cubic decimetre per minute,,dm³/min,"1,666 67 x 10⁻⁵ m³/s",1S,Normativa - múltiplos estándar,Vigente
J93,,cubic decimetre per second,,dm³/s,10⁻³ m³/s,1S,Normativa - múltiplos estándar,Vigente
J94,,dyne centimetre,,dyn·cm,10⁻⁷ N x m,2,"Equivalente normativa (no SI: UK, US, etc.)",Obsoleto (deprecated)
J95,,ounce (UK fluid) per day,,fl oz (UK)/d,"3,288 549 x 10⁻¹⁰ m³/s",2,"Equivalente normativa (no SI: UK, US, etc.)",Vigente
J96,,ounce (UK fluid) per hour,,fl oz (UK)/h,"7,892 517 x 10⁻⁹ m³/s",2,"Equivalente normativa (no SI: UK, US, etc.)",Vigente
J97,,ounce (UK fluid) per minute,,fl oz (UK)/min,"4,735 51 x 10⁻⁷ m³/s",2,"Equivalente normativa (no SI: UK, US, etc.)",Vigente
J98,,ounce (UK fluid) per second,,fl oz (UK)/s,"2,841 306 x 10⁻⁵ m³/s",2,"Equivalente normativa (no SI: UK, US, etc.)",Vigente
J99,,ounce (US fluid) per day,,fl oz (US)/d,"3,422 862 x 10⁻¹⁰ m³/s",2,"Equivalente normativa (no SI: UK, US, etc.)",Vigente
JB,,jumbo,,,,3.4,Informativa - unidades de envío y transporte,Eliminado de la Rec. 20
JE,,joule per kelvin,,J/K,J/K,1,Normativa (SI),Vigente
JG,,jug,"Use UN/ECE Recommendation 21 (refer to Note 2 in the spreadsheet introduction, 1st sheet).",,,3.3,Informativa - unidades de embalaje,Eliminado de la Rec. 20
JK,,megajoule per kilogram,,MJ/kg,10⁶ J/kg,1S,Normativa - múltiplos estándar,Vigente
JM,,megajoule per cubic metre,,MJ/m³,10⁶ J/m³,1M,Normativa - múltiplos de uso común,Vigente
JNT,,pipeline joint,A count of the number of pipeline joints.,,,3.5,Informativa - unidades específicas de industria,Vigente
JO,,joint,,,,3.9,Informativa - varias,Eliminado de la Rec. 20
JOU,julio,joule,,J,J,1,Normativa (SI),Vigente
JPS,,hundred metre,A unit of count defining the number of 100 metre lengths.,,,3.1,Informativa - unidades base calificadas (niveles 1 y 2),Vigente
JR,jarra,jar,"Use UN/ECE Recommendation 21 (refer to Note 2 in the spreadsheet introduction, 1st sheet).",,,3.3,Informativa - unidades de embalaje,Eliminado de la Rec. 20
JWL,,number of jewels,A unit of count defining the number of jewels (jewel: precious stone).,,,3.7,Informativa - enteros / números / razones,Vigente
K1,,kilowatt demand,A unit of measure defining the power load measured at predetermined intervals.,,,3.5,Informativa - unidades específicas de industria,Vigente
K10,,ounce (US fluid) per hour,,fl oz (US)/h,"8,214 869 x 10⁻⁹ m³/s",2,"Equivalente normativa (no SI: UK, US, etc.)",Vigente
K11,,ounce (US fluid) per minute,,fl oz (US)/min,"4,928 922 x 10⁻⁷ m³/s",2,"Equivalente normativa (no SI: UK, US, etc.)",Vigente
K12,,ounce (US fluid) per second,,fl oz (US)/s,"2,957 353 x 10⁻⁵ m³/s",2,"Equivalente normativa (no SI: UK, US, etc.)",Vigente
K13,,foot per degree Fahrenheit,,ft/°F,"0,548 64 m/K",2,"Equivalente normativa (no SI: UK, US, etc.)",Vigente
K14,,foot per hour,,ft/h,"8,466 667 x 10⁻⁵m/s",2,"Equivalente normativa (no SI: UK, US, etc.)",Vigente
K15,,foot pound-force per hour,,ft·lbf/h,"3,766 161 x 10⁻⁴ W",2,"Equivalente normativa (no SI: UK, US, etc.)",Vigente
K16,,foot pound-force per minute,,ft·lbf/min,"2,259 697 x 10⁻² W",2,"Equivalente normativa (no SI: UK, US, etc.)",Vigente
K17,,foot per psi,,ft/psi,"4,420 750 x 10⁻⁵ m/Pa",2,"Equivalente normativa (no SI: UK, US, etc.)",Vigente
K18,,foot per second degree Fahrenheit,,(ft/s)/°F,"0,548 64  (m/s)/K",2,"Equivalente normativa (no SI: UK, US, etc.)",Vigente
K19,,foot per second psi,,(ft/s)/psi,"4,420 750 x 10⁻⁵ (m/s)/Pa",2,"Equivalente normativa (no SI: UK, US, etc.)",Vigente
K2,,kilovolt ampere reactive demand,A unit of measure defining the reactive power demand equal to one kilovolt ampere of reactive power.,,,3.5,Informativa - unidades específicas de industria,Vigente
K20,,reciprocal cubic foot,,1/ft³,"35,314 66 m⁻³",2,"Equivalente normativa (no SI: UK, US, etc.)",Vigente
K21,,cubic foot per degree Fahrenheit,,ft³/°F,"5,097 033 x 10⁻² m³/K",2,"Equivalente normativa (no SI: UK, US, etc.)",Vigente
K22,,cubic foot per day,,ft³/d,"3,277 413 x 10⁻⁷ m³/s",2,"Equivalente normativa (no SI: UK, US, etc.)",Vigente
K23,,cubic foot per psi,,ft³/psi,"4,107 012 x 10⁻⁶ m³/Pa",2,"Equivalente normativa (no SI: UK, US, etc.)",Vigente
K24,,foot of water,,ft H₂O,"2,989 067 x 10³  Pa",2,"Equivalente normativa (no SI: UK, US, etc.)",Obsoleto (deprecated)
K25,,foot of mercury,,ft Hg,"4,063 666 x 10⁴ Pa",2,"Equivalente normativa (no SI: UK, US, etc.)",Obsoleto (deprecated)
K26,,gallon (UK) per day,,gal (UK)/d,"5,261 678 x 10⁻⁸ m³/s",2,"Equivalente normativa (no SI: UK, US, etc.)",Vigente
K27,,gallon (UK) per hour,,gal (UK)/h,"1,262 803 x 10⁻⁶ m³/s",2,"Equivalente normativa (no SI: UK, US, etc.)",Vigente
K28,,gallon (UK) per second,,gal (UK)/s,"4,546 09 x 10⁻³ m³/s",2,"Equivalente normativa (no SI: UK, US, etc.)",Vigente
K3,,kilovolt ampere reactive hour,A unit of measure defining the accumulated reactive energy equal to one kilovolt ampere of reactive power per hour.,kvar·h,,3.5,Informativa - unidades específicas de industria,Vigente
K30,,gallon (US liquid) per second,,gal (US liq.)/s,"3,785 412 x 10⁻³ m³/s",2,"Equivalente normativa (no SI: UK, US, etc.)",Vigente
K31,,gram-force per square centimetre,,gf/cm²,"98,066 5 Pa",2,"Equivalente normativa (no SI: UK, US, etc.)",Vigente
K32,,gill (UK) per day,,gi (UK)/d,"1,644 274 x 10⁻⁵ m³/s",2,"Equivalente normativa (no SI: UK, US, etc.)",Vigente
K33,,gill (UK) per hour,,gi (UK)/h,"3,946 258 x 10⁻⁸ m³/s",2,"Equivalente normativa (no SI: UK, US, etc.)",Vigente
K34,,gill (UK) per minute,,gi (UK)/min,"0,023 677 55 m³/s",2,"Equivalente normativa (no SI: UK, US, etc.)",Vigente
K35,,gill (UK) per second,,gi (UK)/s,"1,420 653 x 10⁻⁴ m³/s",2,"Equivalente normativa (no SI: UK, US, etc.)",Vigente
K36,,gill (US) per day,,gi (US)/d,"1,369 145 x 10⁻⁹ m³/s",2,"Equivalente normativa (no SI: UK, US, etc.)",Vigente
K37,,gill (US) per hour,,gi (US)/h,"3,285 947 x 10⁻⁸ m³/s",2,"Equivalente normativa (no SI: UK, US, etc.)",Vigente
K38,,gill (US) per minute,,gi (US)/min,"1,971 568 x 10⁻⁶ m³/s",2,"Equivalente normativa (no SI: UK, US, etc.)",Vigente
K39,,gill (US) per second,,gi (US)/s,"1,182 941 x 10⁻⁴ m³/s",2,"Equivalente normativa (no SI: UK, US, etc.)",Vigente
K40,,standard acceleration of free fall,,gn,"9,806 65 m/s²",2,"Equivalente normativa (no SI: UK, US, etc.)",Vigente
K41,,grain per gallon (US),,gr/gal (US),"1,711 806 x 10⁻² kg/m³",2,"Equivalente normativa (no SI: UK, US, etc.)",Vigente
K42,,horsepower (boiler),,boiler hp,"9,809 50 x 10³ W",2,"Equivalente normativa (no SI: UK, US, etc.)",Vigente
K43,,horsepower (electric),,electric hp,746 W,2,"Equivalente normativa (no SI: UK, US, etc.)",Vigente
K45,,inch per degree Fahrenheit,,in/°F,"4,572 x 10⁻² m/K",2,"Equivalente normativa (no SI: UK, US, etc.)",Vigente
K46,,inch per psi,,in/psi,"3,683 959 x 10⁻⁶ m/Pa",2,"Equivalente normativa (no SI: UK, US, etc.)",Vigente
K47,,inch per second degree Fahrenheit,,(in/s)/°F,"4,572 x 10⁻² (m/s)/K",2,"Equivalente normativa (no SI: UK, US, etc.)",Vigente
K48,,inch per second psi,,(in/s)/psi,"3,683 959 x 10⁻⁶ (m/s)/Pa",2,"Equivalente normativa (no SI: UK, US, etc.)",Vigente
K49,,reciprocal cubic inch,,1/in³,"6,102 375 9 x 10⁴ m⁻³",2,"Equivalente normativa (no SI: UK, US, etc.)",Vigente
K5,,kilovolt ampere (reactive),Use kilovar (common code KVR),kvar,10³ V x A,1S,Normativa - múltiplos estándar,Obsoleto (deprecated)
K50,,kilobaud,A unit of signal transmission speed equal to 10³ (1000) signaling events per second.,kBd,10³ Bd,3.6,Informativa - unidades de tecnología de la información,Vigente
K51,,kilocalorie (mean),,kcal,"4,190 02 x 10³ J",2,"Equivalente normativa (no SI: UK, US, etc.)",Vigente
K52,,kilocalorie (international table) per hour metre degree Celsius,,kcal/(m·h·°C),"1,163 J/(m x s x K)",2,"Equivalente normativa (no SI: UK, US, etc.)",Vigente
K53,,kilocalorie (thermochemical),,kcalth,"4,184 x 10³ J",2,"Equivalente normativa (no SI: UK, US, etc.)",Vigente
K54,,kilocalorie (thermochemical) per minute,,kcalth/min,"69,733 33 W",2,"Equivalente normativa (no SI: UK, US, etc.)",Vigente
K55,,kilocalorie (thermochemical) per second,,kcalth/s,"4,184 x 10³ W",2,"Equivalente normativa (no SI: UK, US, etc.)",Vigente
K58,,kilomole per hour,,kmol/h,"2,777 78 x 10⁻¹ mol/s",1S,Normativa - múltiplos estándar,Vigente
K59,,kilomole per cubic metre kelvin,,(kmol/m³)/K,10³ (mol/m³)/K,2,"Equivalente normativa (no SI: UK, US, etc.)",Vigente
K6,kilolitro,kilolitre,,kl,m³,1M,Normativa - múltiplos de uso común,Vigente
K60,,kilomole per cubic metre bar,,(kmol/m³)/bar,10⁻² (mol/m³)/Pa,2,"Equivalente normativa (no SI: UK, US, etc.)",Vigente
K61,,kilomole per minute,,kmol/min,"16,666 7 mol/s",1S,Normativa - múltiplos estándar,Vigente
K62,,litre per litre,,l/l,1,1S,Normativa - múltiplos estándar,Vigente
K63,,reciprocal litre,,1/l,10³ m⁻³,2,"Equivalente normativa (no SI: UK, US, etc.)",Vigente
K64,,pound (avoirdupois) per degree Fahrenheit,,lb/°F,"0,816 466 3 kg/K",2,"Equivalente normativa (no SI: UK, US, etc.)",Vigente
K65,,pound (avoirdupois) square foot,,lb·ft²,"4,214 011 x 10⁻² kg x m²",2,"Equivalente normativa (no SI: UK, US, etc.)",Vigente
K66,,pound (avoirdupois) per day,,lb/d,"5,249 912 x 10⁻⁶ kg/s",2,"Equivalente normativa (no SI: UK, US, etc.)",Vigente
K67,,pound per foot hour,,lb/(ft·h),"4,133 789 x 10⁻⁴ Pa x s",2,"Equivalente normativa (no SI: UK, US, etc.)",Vigente
K68,,pound per foot second,,lb/(ft·s),"1,488 164 Pa x s",2,"Equivalente normativa (no SI: UK, US, etc.)",Vigente
K69,,pound (avoirdupois) per cubic foot degree Fahrenheit,,(lb/ft³)/°F,"28,833 23 (kg/m³)/K",2,"Equivalente normativa (no SI: UK, US, etc.)",Vigente
K70,,pound (avoirdupois) per cubic foot psi,,(lb/ft³)/psi,"2,323 282 x 10⁻³",2,"Equivalente normativa (no SI: UK, US, etc.)",Vigente
K71,,pound (avoirdupois) per gallon (UK),,lb/gal (UK),"99,776 37 kg/m³",2,"Equivalente normativa (no SI: UK, US, etc.)",Vigente
K73,,pound (avoirdupois) per hour degree Fahrenheit,,(lb/h)/°F,"2,267 962 x 10⁻⁴ (kg/s)/K",2,"Equivalente normativa (no SI: UK, US, etc.)",Vigente
K74,,pound (avoirdupois) per hour psi,,(lb/h)/psi,"1,827 445 x 10⁻⁸ (kg/s)/Pa",2,"Equivalente normativa (no SI: UK, US, etc.)",Vigente
K75,,pound (avoirdupois) per cubic inch degree Fahrenheit,,(lb/in³)/°F,"4,982 384 x 10⁴ (kg/m³)/K",2,"Equivalente normativa (no SI: UK, US, etc.)",Vigente
K76,,pound (avoirdupois) per cubic inch psi,,(lb/in³)/psi,"4,014 632 (kg/m³)/Pa",2,"Equivalente normativa (no SI: UK, US, etc.)",Vigente
K77,,pound (avoirdupois) per psi,,lb/psi,"6,578 802 x 10⁻⁵ kg/Pa",2,"Equivalente normativa (no SI: UK, US, etc.)",Vigente
K78,,pound (avoirdupois) per minute,,lb/min,"7,559 873 x 10⁻³ kg/s",2,"Equivalente normativa (no SI: UK, US, etc.)",Vigente
K79,,pound (avoirdupois) per minute degree Fahrenheit,,lb/(min·°F),"1,360 777  x 10⁻² (kg/s)/K",2,"Equivalente normativa (no SI: UK, US, etc.)",Vigente
K80,,pound (avoirdupois) per minute psi,,(lb/min)/psi,"1,096 467 x 10⁻⁶ (kg/s)/Pa",2,"Equivalente normativa (no SI: UK, US, etc.)",Vigente
K81,,pound (avoirdupois) per second,,lb/s,"0,453 592 4 kg/s",2,"Equivalente normativa (no SI: UK, US, etc.)",Vigente
K82,,pound (avoirdupois) per second degree Fahrenheit,,(lb/s)/°F,"0,816 466 3 (kg/s)/K",2,"Equivalente normativa (no SI: UK, US, etc.)",Vigente
K83,,pound (avoirdupois) per second psi,,(lb/s)/psi,"6,578 802 x 10⁻⁵ (kg/s)/Pa",2,"Equivalente normativa (no SI: UK, US, etc.)",Vigente
K84,,pound per cubic yard,,lb/yd³,"0,593 276 4 kg/m³",2,"Equivalente normativa (no SI: UK, US, etc.)",Vigente
K85,,pound-force per square foot,,lbf/ft²,"47,880 26 Pa",2,"Equivalente normativa (no SI: UK, US, etc.)",Vigente
K86,,pound-force per square inch degree Fahrenheit,,psi/°F,"1,241 056 x 10⁴ Pa/K",2,"Equivalente normativa (no SI: UK, US, etc.)",Vigente
K87,,psi cubic inch per second,,psi·in³/s,"0,112 985 Pa x m³/s",2,"Equivalente normativa (no SI: UK, US, etc.)",Vigente
K88,,psi litre per second,,psi·l/s,"6,894 757 Pa x m³/s",2,"Equivalente normativa (no SI: UK, US, etc.)",Vigente
K89,,psi cubic metre per second,,psi·m³/s,"6,894 757  x 10³ Pa x m³/s",2,"Equivalente normativa (no SI: UK, US, etc.)",Vigente
K90,,psi cubic yard per second,,psi·yd³/s,"5,271 420 x 10³ Pa x m³/s",2,"Equivalente normativa (no SI: UK, US, etc.)",Vigente
K91,,pound-force second per square foot,,lbf·s/ft²,"47,880 26 Pa x s",2,"Equivalente normativa (no SI: UK, US, etc.)",Vigente
K92,,pound-force second per square inch,,lbf·s/in²,"6,894 757  x 10³ Pa x s",2,"Equivalente normativa (no SI: UK, US, etc.)",Vigente
K93,,reciprocal psi,,1/psi,"1,450 377 x 10⁻⁴ Pa⁻¹",2,"Equivalente normativa (no SI: UK, US, etc.)",Vigente
K94,,quart (UK liquid) per day,,qt (UK liq.)/d,"1,315 420 x 10⁻⁸ m³/s",2,"Equivalente normativa (no SI: UK, US, etc.)",Vigente
K95,,quart (UK liquid) per hour,,qt (UK liq.)/h,"3,157 008 x 10⁻⁷ m³/s",2,"Equivalente normativa (no SI: UK, US, etc.)",Vigente
K96,,quart (UK liquid) per minute,,qt (UK liq.)/min,"1,894 205 x 10⁻⁵ m³/s",2,"Equivalente normativa (no SI: UK, US, etc.)",Vigente
K97,,quart (UK liquid) per second,,qt (UK liq.)/s,"1,136 523 x 10⁻³ m³/s",2,"Equivalente normativa (no SI: UK, US, etc.)",Vigente
K98,,quart (US liquid) per day,,qt (US liq.)/d,"1,095 316 x 10⁻⁸ m³/s",2,"Equivalente normativa (no SI: UK, US, etc.)",Vigente
K99,,quart (US liquid) per hour,,qt (US liq.)/h,"2,628 758 x 10⁻⁷ m³/s",2,"Equivalente normativa (no SI: UK, US, etc.)",Vigente
KA,,cake,"A unit of count defining the number of cakes (cake: object shaped into a flat, compact mass).",,,3.9,Informativa - varias,Vigente
KAT,,katal,A unit of catalytic activity defining the catalytic activity of enzymes and other catalysts.,kat,s⁻¹ x mol,1M,Normativa - múltiplos de uso común,Vigente
KB,,kilocharacter,A unit of information equal to 10³ (1000) characters.,,,3.9,Informativa - varias,Vigente
KBA,,kilobar,,kbar,10⁸ Pa,1M,Normativa - múltiplos de uso común,Vigente
KCC,,kilogram of choline chloride,A unit of mass equal to one thousand grams of choline chloride.,kg C₅ H₁₄ClNO,,3.1,Informativa - unidades base calificadas (niveles 1 y 2),Vigente
KD,,kilogram decimal,,,,3.9,Informativa - varias,Eliminado de la Rec. 20
KDW,,kilogram drained net weight,"A unit of mass defining the net number of kilograms of a product, disregarding the liquid content of the product.",kg/net eda,,3.1,Informativa - unidades base calificadas (niveles 1 y 2),Vigente
KEL,kelvin,kelvin,Refer ISO 80000-5 (Quantities and units — Part 5: Thermodynamics),K,K,1,Normativa (SI),Vigente
KF,,kilopacket,,,,3.9,Informativa - varias,Eliminado de la Rec. 20
KG,,keg,"Use UN/ECE Recommendation 21 (refer to Note 2 in the spreadsheet introduction, 1st sheet).",,,3.3,Informativa - unidades de embalaje,Eliminado de la Rec. 20
KGM,kilogramo,kilogram,A unit of mass equal to one thousand grams.,kg,kg,1,Normativa (SI),Vigente
KGS,,kilogram per second,,kg/s,kg/s,1,Normativa (SI),Vigente
KHY,,kilogram of hydrogen peroxide,A unit of mass equal to one thousand grams of hydrogen peroxide.,kg H₂O₂,,3.1,Informativa - unidades base calificadas (niveles 1 y 2),Vigente
KHZ,kilohercio,kilohertz,,kHz,10³ Hz,1S,Normativa - múltiplos estándar,Vigente
KI,,kilogram per millimetre width,,,10³ kg/m,3.1,Informativa - unidades base calificadas (niveles 1 y 2),Vigente
KIC,,"kilogram, including container","A unit of mass defining the number of kilograms of a product, including its container.",,,3.1,Informativa - unidades base calificadas (niveles 1 y 2),Vigente
KIP,,"kilogram, including inner packaging","A unit of mass defining the number of kilograms of a product, including its inner packaging materials.",,,3.1,Informativa - unidades base calificadas (niveles 1 y 2),Vigente
KJ,,kilosegment,A unit of information equal to 10³ (1000) segments.,,,3.6,Informativa - unidades de tecnología de la información,Vigente
KJO,kilojulio,kilojoule,,kJ,10³ J,1S,Normativa - múltiplos estándar,Vigente
KL,,kilogram per metre,,kg/m,kg/m,1,Normativa (SI),Vigente
KLK,,lactic dry material percentage,A unit of proportion defining the percentage of dry lactic material in a product.,,,3.5,Informativa - unidades específicas de industria,Vigente
KLX,,kilolux,A unit of illuminance equal to one thousand lux.,klx,10³ cd x sr / m²,1M,Normativa - múltiplos de uso común,Vigente
KMA,,kilogram of methylamine,A unit of mass equal to one thousand grams of methylamine.,kg met.am.,,3.1,Informativa - unidades base calificadas (niveles 1 y 2),Vigente
KMH,kilómetro por hora,kilometre per hour,,km/h,"0,277 778 m/s",1S,Normativa - múltiplos estándar,Vigente
KMK,kilómetro cuadrado,square kilometre,,km²,10⁶ m²,1S,Normativa - múltiplos estándar,Vigente
KMQ,,kilogram per cubic metre,A unit of weight expressed in kilograms of a substance that fills a volume of one cubic metre.,kg/m³,kg/m³,1,Normativa (SI),Vigente
KMT,kilómetro,kilometre,,km,10³ m,1S,Normativa - múltiplos estándar,Vigente
KNI,,kilogram of nitrogen,A unit of mass equal to one thousand grams of nitrogen.,kg N,,3.1,Informativa - unidades base calificadas (niveles 1 y 2),Vigente
KNM,,kilonewton per square metre,Pressure expressed in kN/m2.,kN/m2,103pascal,1S,Normativa - múltiplos estándar,Vigente
KNS,,kilogram named substance,A unit of mass equal to one kilogram of a named substance.,,,3.1,Informativa - unidades base calificadas (niveles 1 y 2),Vigente
KNT,,knot,,kn,"0,514 444 m/s",1,Normativa (SI),Vigente
KO,,milliequivalence caustic potash per gram of product,A unit of count defining the number of milligrams of potassium hydroxide per gram of product as a measure of the concentration of potassium hydroxide in the product.,,,3.9,Informativa - varias,Vigente
KPA,kilopascal,kilopascal,,kPa,10³ Pa,1S,Normativa - múltiplos estándar,Vigente
KPH,,kilogram of potassium hydroxide (caustic potash),A unit of mass equal to one thousand grams of potassium hydroxide (caustic potash).,kg KOH,,3.1,Informativa - unidades base calificadas (niveles 1 y 2),Vigente
KPO,,kilogram of potassium oxide,A unit of mass equal to one thousand grams of potassium oxide.,kg K₂O,,3.1,Informativa - unidades base calificadas (niveles 1 y 2),Vigente
KPP,,kilogram of phosphorus pentoxide (phosphoric anhydride),A unit of mass equal to one thousand grams of phosphorus pentoxide phosphoric anhydride.,,,3.1,Informativa - unidades base calificadas (niveles 1 y 2),Vigente
KR,,kiloroentgen,,kR,"2,58 x 10⁻¹ C/kg",2,"Equivalente normativa (no SI: UK, US, etc.)",Vigente
KS,,thousand pound per square inch,,,,3.8,Informativa - múltiplos / fracciones / decimales,Eliminado de la Rec. 20
KSD,,kilogram of substance 90 % dry,A unit of mass equal to one thousand grams of a named substance that is 90% dry.,kg 90 % sdt,,3.1,Informativa - unidades base calificadas (niveles 1 y 2),Vigente
KSH,,kilogram of sodium hydroxide (caustic soda),A unit of mass equal to one thousand grams of sodium hydroxide (caustic soda).,kg NaOH,,3.1,Informativa - unidades base calificadas (niveles 1 y 2),Vigente
KT,kit,kit,"A unit of count defining the number of kits (kit: tub, barrel or pail).",,,3.2,Informativa - unidades de venta,Vigente
KTM,kilómetro,kilometre,,km,10³ m,1S,Normativa - múltiplos estándar,Eliminado de la Rec. 20
KTN,kilotonelada métrica,kilotonne,,kt,10⁶ kg,1M,Normativa - múltiplos de uso común,Vigente
KUR,,kilogram of uranium,A unit of mass equal to one thousand grams of uranium.,kg U,,3.1,Informativa - unidades base calificadas (niveles 1 y 2),Vigente
KVA,,kilovolt - ampere,,kV·A,10³ V x A,1S,Normativa - múltiplos estándar,Vigente
KVR,,kilovar,,kvar,10³ V x A,1S,Normativa - múltiplos estándar,Vigente
KVT,,kilovolt,,kV,10³ V,1S,Normativa - múltiplos estándar,Vigente
KW,,kilogram per millimetre,,kg/mm,10³ kg/m,1M,Normativa - múltiplos de uso común,Vigente
KWH,kilovatio hora,kilowatt hour,,kW·h,"3,6 x 10⁶ J",1S,Normativa - múltiplos estándar,Vigente
KWN,,Kilowatt hour per normalized cubic metre,Kilowatt hour per normalized cubic metre (temperature 0°C and pressure 1013.25 millibars ).,,,2,"Equivalente normativa (no SI: UK, US, etc.)",Vigente
KWO,,kilogram of tungsten trioxide,A unit of mass equal to one thousand grams of tungsten trioxide.,kg WO₃,,3.1,Informativa - unidades base calificadas (niveles 1 y 2),Vigente
KWS,,Kilowatt hour per standard cubic metre,Kilowatt hour per standard cubic metre (temperature 15°C and pressure 1013.25 millibars).,,,2,"Equivalente normativa (no SI: UK, US, etc.)",Vigente
KWT,kilovatio,kilowatt,,kW,10³ W,1S,Normativa - múltiplos estándar,Vigente
KWY,,kilowatt year,killowatt year,kW/year,,2,"Equivalente normativa (no SI: UK, US, etc.)",Vigente
KX,,millilitre per kilogram,,ml/kg,10⁻⁶ m³/kg,1M,Normativa - múltiplos de uso común,Vigente
L10,,quart (US liquid) per minute,,qt (US liq.)/min,"1,577 255 x 10⁻⁵ m³/s",2,"Equivalente normativa (no SI: UK, US, etc.)",Vigente
L11,,quart (US liquid) per second,,qt (US liq.)/s,"9,463 529 x 10⁻⁴ m³/s",2,"Equivalente normativa (no SI: UK, US, etc.)",Vigente
L12,,metre per second kelvin,,(m/s)/K,(m/s)/K,2,"Equivalente normativa (no SI: UK, US, etc.)",Vigente
L13,,metre per second bar,,(m/s)/bar,10⁻⁵ (m/s)/Pa,2,"Equivalente normativa (no SI: UK, US, etc.)",Vigente
L14,,square metre hour degree Celsius per kilocalorie (international table),,m²·h·°C/kcal,"0,859 845 2 m² x s x K/J",2,"Equivalente normativa (no SI: UK, US, etc.)",Vigente
L15,,millipascal second per kelvin,,mPa·s/K,10⁻³ Pa x s/K,2,"Equivalente normativa (no SI: UK, US, etc.)",Vigente
L16,,millipascal second per bar,,mPa·s/bar,10⁻⁸ s,2,"Equivalente normativa (no SI: UK, US, etc.)",Vigente
L17,,milligram per cubic metre kelvin,,(mg/m³)/K,10⁻⁶ (kg/m³)/K,2,"Equivalente normativa (no SI: UK, US, etc.)",Vigente
L18,,milligram per cubic metre bar,,(mg/m³)/bar,10⁻¹¹ (kg/m³)/Pa,2,"Equivalente normativa (no SI: UK, US, etc.)",Vigente
L19,,millilitre per litre,,ml/l,10⁻³,1S,Normativa - múltiplos estándar,Vigente
L2,,litre per minute,,l/min,"1,666 67 x 10⁻⁵ m³/s",1M,Normativa - múltiplos de uso común,Vigente
L20,,reciprocal cubic millimetre,,1/mm³,10⁹ m⁻³,1S,Normativa - múltiplos estándar,Vigente
L21,,cubic millimetre per cubic metre,,mm³/m³,10⁹,1S,Normativa - múltiplos estándar,Vigente
L23,,mole per hour,,mol/h,"2,777 78 x 10⁻⁴ mol/s",1S,Normativa - múltiplos estándar,Vigente
L24,,mole per kilogram kelvin,,(mol/kg)/K,(mol/kg)/K,2,"Equivalente normativa (no SI: UK, US, etc.)",Vigente
L25,,mole per kilogram bar,,(mol/kg)/bar,10⁻⁵ (mol/kg)/Pa,2,"Equivalente normativa (no SI: UK, US, etc.)",Vigente
L26,,mole per litre kelvin,,(mol/l)/K,10³ (mol/m³)/K,2,"Equivalente normativa (no SI: UK, US, etc.)",Vigente
L27,,mole per litre bar,,(mol/l)/bar,10⁻² (mol/m³)/Pa,2,"Equivalente normativa (no SI: UK, US, etc.)",Vigente
L28,,mole per cubic metre kelvin,,(mol/m³)/K,(mol/m³)/K,2,"Equivalente normativa (no SI: UK, US, etc.)",Vigente
L29,,mole per cubic metre bar,,(mol/m³)/bar,10⁻⁵ (mol/m³)/Pa,2,"Equivalente normativa (no SI: UK, US, etc.)",Vigente
L30,,mole per minute,,mol/min,"1,666 67 x 10⁻² mol/s",1S,Normativa - múltiplos estándar,Vigente
L31,,milliroentgen aequivalent men,,mrem,10⁻⁵ Sv,2,"Equivalente normativa (no SI: UK, US, etc.)",Vigente
L32,,nanogram per kilogram,,ng/kg,10⁻¹²,1S,Normativa - múltiplos estándar,Vigente
L33,,ounce (avoirdupois) per day,,oz/d,"3,281 194 x 10⁻⁷kg/s",2,"Equivalente normativa (no SI: UK, US, etc.)",Vigente
L34,,ounce (avoirdupois) per hour,,oz/h,"7,874 867 x 10⁻⁶ kg/s",2,"Equivalente normativa (no SI: UK, US, etc.)",Vigente
L35,,ounce (avoirdupois) per minute,,oz/min,"4,724 92 x 10⁻⁴ kg/s",2,"Equivalente normativa (no SI: UK, US, etc.)",Vigente
L36,,ounce (avoirdupois) per second,,oz/s,"2,834 952 x 10⁻² kg/s",2,"Equivalente normativa (no SI: UK, US, etc.)",Vigente
L37,,ounce (avoirdupois) per gallon (UK),,oz/gal (UK),"6,236 023 kg/m³",2,"Equivalente normativa (no SI: UK, US, etc.)",Vigente
L38,,ounce (avoirdupois) per gallon (US),,oz/gal (US),"7,489 152 kg/m³",2,"Equivalente normativa (no SI: UK, US, etc.)",Vigente
L39,,ounce (avoirdupois) per cubic inch,,oz/in³,"1,729 994 x 10³ kg/m³",2,"Equivalente normativa (no SI: UK, US, etc.)",Vigente
L40,,ounce (avoirdupois)-force,,ozf,"0,278 013 9 N",2,"Equivalente normativa (no SI: UK, US, etc.)",Vigente
L41,,ounce (avoirdupois)-force inch,,ozf·in,"7,061 552 x 10⁻³ N x m",2,"Equivalente normativa (no SI: UK, US, etc.)",Vigente
L42,,picosiemens per metre,,pS/m,10⁻¹² S/m,2,"Equivalente normativa (no SI: UK, US, etc.)",Vigente
L43,,peck (UK),,pk (UK),"9,092 181 x 10⁻³ m³",2,"Equivalente normativa (no SI: UK, US, etc.)",Vigente
L44,,peck (UK) per day,,pk (UK)/d,"1,052 336 x 10⁻⁷ m³/s",2,"Equivalente normativa (no SI: UK, US, etc.)",Vigente
L45,,peck (UK) per hour,,pk (UK)/h,"2,525 606 x 10⁻⁶ m³/s",2,"Equivalente normativa (no SI: UK, US, etc.)",Vigente
L46,,peck (UK) per minute,,pk (UK)/min,"1,515 363 5 x 10⁻⁴ m³/s",2,"Equivalente normativa (no SI: UK, US, etc.)",Vigente
L47,,peck (UK) per second,,pk (UK)/s,"9,092 181 x 10⁻³ m³/s",2,"Equivalente normativa (no SI: UK, US, etc.)",Vigente
L48,,peck (US dry) per day,,pk (US dry)/d,"1,019 649 x 10⁻⁷ m³/s",2,"Equivalente normativa (no SI: UK, US, etc.)",Vigente
L49,,peck (US dry) per hour,,pk (US dry)/h,"2,447 158 x 10⁻⁶ m³/s",2,"Equivalente normativa (no SI: UK, US, etc.)",Vigente
L50,,peck (US dry) per minute,,pk (US dry)/min,"1,468 295 x 10⁻⁴ m³/s",2,"Equivalente normativa (no SI: UK, US, etc.)",Vigente
L51,,peck (US dry) per second,,pk (US dry)/s,"8,809 768 x 10⁻³ m³/s",2,"Equivalente normativa (no SI: UK, US, etc.)",Vigente
L52,,psi per psi,,psi/psi,1.0,2,"Equivalente normativa (no SI: UK, US, etc.)",Vigente
L53,,pint (UK) per day,,pt (UK)/d,"6,577 098 x 10⁻⁹ m³/s",2,"Equivalente normativa (no SI: UK, US, etc.)",Vigente
L54,,pint (UK) per hour,,pt (UK)/h,"1,578 504 x 10⁻⁷ m³/s",2,"Equivalente normativa (no SI: UK, US, etc.)",Vigente
L55,,pint (UK) per minute,,pt (UK)/min,"9,471 022 x 10⁻⁶ m³/s",2,"Equivalente normativa (no SI: UK, US, etc.)",Vigente
L56,,pint (UK) per second,,pt (UK)/s,"5,682 613 x 10⁻⁴ m³/s",2,"Equivalente normativa (no SI: UK, US, etc.)",Vigente
L57,,pint (US liquid) per day,,pt (US liq.)/d,"5,476 580 x 10⁻⁹ m³/s",2,"Equivalente normativa (no SI: UK, US, etc.)",Vigente
L58,,pint (US liquid) per hour,,pt (US liq.)/h,"1,314 379 x 10⁻⁷ m³/s",2,"Equivalente normativa (no SI: UK, US, etc.)",Vigente
L59,,pint (US liquid) per minute,,pt (US liq.)/min,"7,886 275 x 10⁻⁶ m³/s",2,"Equivalente normativa (no SI: UK, US, etc.)",Vigente
L60,,pint (US liquid) per second,,pt (US liq.)/s,"4,731 765 x 10⁻⁴ m³/s",2,"Equivalente normativa (no SI: UK, US, etc.)",Vigente
L61,,pint (US dry),Use dry pint (common code PTD),pt (US dry),"5,506 105 x 10⁻⁴ m³",2,"Equivalente normativa (no SI: UK, US, etc.)",Eliminado de la Rec. 20
L62,,quart (US dry),Use dry quart (US) (common code QTD),qt (US dry),"1,101 221 x 10⁻³ m³",2,"Equivalente normativa (no SI: UK, US, etc.)",Eliminado de la Rec. 20
L63,,slug per day,,slug/d,"1,689 109 x 10⁻⁴ kg/s",2,"Equivalente normativa (no SI: UK, US, etc.)",Vigente
L64,,slug per foot second,,slug/(ft·s),"47,880 26 Pa x s",2,"Equivalente normativa (no SI: UK, US, etc.)",Vigente
L65,,slug per cubic foot,,slug/ft³,"5,153 788 x 10² kg/m³",2,"Equivalente normativa (no SI: UK, US, etc.)",Vigente
L66,,slug per hour,,slug/h,"4,053 861 x 10⁻³ kg/s",2,"Equivalente normativa (no SI: UK, US, etc.)",Vigente
L67,,slug per minute,,slug/min,"0,243 231 7 kg/s",2,"Equivalente normativa (no SI: UK, US, etc.)",Vigente
L68,,slug per second,,slug/s,"14,593 90 kg/s",2,"Equivalente normativa (no SI: UK, US, etc.)",Vigente
L69,,tonne per kelvin,,t/K,10³ kg/K,2,"Equivalente normativa (no SI: UK, US, etc.)",Vigente
L70,,tonne per bar,,t/bar,10⁻² kg/Pa,2,"Equivalente normativa (no SI: UK, US, etc.)",Vigente
L71,,tonne per day,,t/d,"1,157 41 x 10⁻² kg/s",2,"Equivalente normativa (no SI: UK, US, etc.)",Vigente
L72,,tonne per day kelvin,,(t/d)/K,"1,157 41 x 10⁻² (kg/s)/K",2,"Equivalente normativa (no SI: UK, US, etc.)",Vigente
L73,,tonne per day bar,,(t/d)/bar,"1,157 41 x 10⁻⁷ (kg/s)/Pa",2,"Equivalente normativa (no SI: UK, US, etc.)",Vigente
L74,,tonne per hour kelvin,,(t/h)/K,"2,777 78 x 10⁻¹ (kg/s)/K",2,"Equivalente normativa (no SI: UK, US, etc.)",Vigente
L75,,tonne per hour bar,,(t/h)/bar,"2,777 78 x 10⁻⁶ (kg/s)/Pa",2,"Equivalente normativa (no SI: UK, US, etc.)",Vigente
L76,,tonne per cubic metre kelvin,,(t/m³)/K,10³ (kg/m³)/K,2,"Equivalente normativa (no SI: UK, US, etc.)",Vigente
L77,,tonne per cubic metre bar,,(t/m³)/bar,10⁻² (kg/m³)/Pa,2,"Equivalente normativa (no SI: UK, US, etc.)",Vigente
L78,,tonne per minute,,t/min,"16,666 7 kg/s",2,"Equivalente normativa (no SI: UK, US, etc.)",Vigente
L79,,tonne per minute kelvin,,(t/min)/K,"16,666 7 (kg/s)/K",2,"Equivalente normativa (no SI: UK, US, etc.)",Vigente
L80,,tonne per minute bar,,(t/min)/bar,"1,666 67 x 10⁻⁴ (kg/s)/Pa",2,"Equivalente normativa (no SI: UK, US, etc.)",Vigente
L81,,tonne per second,,t/s,10³ kg/s,2,"Equivalente normativa (no SI: UK, US, etc.)",Vigente
L82,,tonne per second kelvin,,(t/s)/K,10³ (kg/s)/K,2,"Equivalente normativa (no SI: UK, US, etc.)",Vigente
L83,,tonne per second bar,,(t/s)/bar,10⁻² (kg/s)/Pa,2,"Equivalente normativa (no SI: UK, US, etc.)",Vigente
L84,,ton (UK shipping),,British shipping ton,"1,189 3 m³",2,"Equivalente normativa (no SI: UK, US, etc.)",Vigente
L85,,ton long per day,,ton (UK)/d,"1,175 980 x 10⁻² kg/s",2,"Equivalente normativa (no SI: UK, US, etc.)",Vigente
L86,,ton (US shipping),,(US) shipping ton,"1,132 6 m³",2,"Equivalente normativa (no SI: UK, US, etc.)",Vigente
L87,,ton short per degree Fahrenheit,,ton (US)/°F,"1,632 932 x 10³ kg/K",2,"Equivalente normativa (no SI: UK, US, etc.)",Vigente
L88,,ton short per day,,ton (US)/d,"1,049 982 x 10⁻² kg/s",2,"Equivalente normativa (no SI: UK, US, etc.)",Vigente
L89,,ton short per hour degree Fahrenheit,,ton (US)/(h·°F),"0,453 592 2 kg/s x K",2,"Equivalente normativa (no SI: UK, US, etc.)",Vigente
L90,,ton short per hour psi,,(ton (US)/h)/psi,"3,654 889 x 10⁻⁵ (kg/s)/Pa",2,"Equivalente normativa (no SI: UK, US, etc.)",Vigente
L91,,ton short per psi,,ton (US)/psi,"0,131 576",2,"Equivalente normativa (no SI: UK, US, etc.)",Vigente
L92,,ton (UK long) per cubic yard,,ton.l/yd³ (UK),"1,328 939 x 10³ kg/m³",2,"Equivalente normativa (no SI: UK, US, etc.)",Vigente
L93,,ton (US short) per cubic yard,,ton.s/yd³ (US),"1,186 553 x 10³ kg/m³",2,"Equivalente normativa (no SI: UK, US, etc.)",Vigente
L94,,ton-force (US short),,ton.sh-force,"8,896 443 x 10³ N",2,"Equivalente normativa (no SI: UK, US, etc.)",Vigente
L95,,common year,,y (365 days),"3,153 6 x 10⁷ s",2,"Equivalente normativa (no SI: UK, US, etc.)",Vigente
L96,,sidereal year,,y (sidereal),"3,155 815 x 10⁷ s",2,"Equivalente normativa (no SI: UK, US, etc.)",Vigente
L98,,yard per degree Fahrenheit,,yd/°F,"1,645 92 m/K",2,"Equivalente normativa (no SI: UK, US, etc.)",Vigente
L99,,yard per psi,,yd/psi,"1,326 225 x 10⁻⁴ m/Pa",2,"Equivalente normativa (no SI: UK, US, etc.)",Vigente
LA,,pound per cubic inch,,lb/in³,"2,767 990 x 10⁴ kg/m³",2,"Equivalente normativa (no SI: UK, US, etc.)",Vigente
LAC,,lactose excess percentage,A unit of proportion defining the percentage of lactose in a product that exceeds a defined percentage level.,,,3.5,Informativa - unidades específicas de industria,Vigente
LBR,libra,pound,,lb,"0,453 592 37 kg",2,"Equivalente normativa (no SI: UK, US, etc.)",Vigente
LBT,,troy pound (US),,,"373,241 7 g",3.5,Informativa - unidades específicas de industria,Vigente
LC,,linear centimetre,,,,3.1,Informativa - unidades base calificadas (niveles 1 y 2),Eliminado de la Rec. 20
LD,,litre per day,,l/d,"1,157 41 x 10⁻⁸ m³/s",1M,Normativa - múltiplos de uso común,Vigente
LE,,lite,,,,3.9,Informativa - varias,Eliminado de la Rec. 20
LEF,,leaf,A unit of count defining the number of leaves.,,,3.5,Informativa - unidades específicas de industria,Vigente
LF,,linear foot,A unit of count defining the number of feet (12-inch) in length of a uniform width object.,,,3.1,Informativa - unidades base calificadas (niveles 1 y 2),Vigente
LH,,labour hour,A unit of time defining the number of labour hours.,,,3.1,Informativa - unidades base calificadas (niveles 1 y 2),Vigente
LI,,linear inch,,,,3.1,Informativa - unidades base calificadas (niveles 1 y 2),Eliminado de la Rec. 20
LJ,,large spray,,,,3.9,Informativa - varias,Eliminado de la Rec. 20
LK,,link,A unit of distance equal to 0.01 chain.,,,3.9,Informativa - varias,Vigente
LM,,linear metre,A unit of count defining the number of metres in length of a uniform width object.,,,3.1,Informativa - unidades base calificadas (niveles 1 y 2),Vigente
LN,,length,A unit of distance defining the linear extent of an item measured from end to end.,,,3.9,Informativa - varias,Vigente
LO,,lot [unit of procurement],A unit of count defining the number of lots (lot: a collection of associated items).,,,3.9,Informativa - varias,Vigente
LP,,liquid pound,A unit of mass defining the number of pounds of a liquid substance.,,,3.1,Informativa - unidades base calificadas (niveles 1 y 2),Vigente
LPA,,litre of pure alcohol,A unit of volume equal to one litre of pure alcohol.,,,3.1,Informativa - unidades base calificadas (niveles 1 y 2),Vigente
LR,,layer,A unit of count defining the number of layers.,,,3.9,Informativa - varias,Vigente
LS,,lump sum,A unit of count defining the number of whole or a complete monetary amounts.,,,3.9,Informativa - varias,Vigente
LTN,tonelada larga (Reino Unido),ton (UK) or long ton (US),Synonym: gross ton (2240 lb),ton (UK),"1,016 047 x 10³ kg",2,"Equivalente normativa (no SI: UK, US, etc.)",Vigente
LTR,litro,litre,,l,10⁻³ m³,1,Normativa (SI),Vigente
LUB,,"metric ton, lubricating oil",A unit of mass defining the number of metric tons of lubricating oil.,,,3.1,Informativa - unidades base calificadas (niveles 1 y 2),Vigente
LUM,lumen,lumen,,lm,cd x sr,1,Normativa (SI),Vigente
LUX,lux,lux,,lx,cd x sr / m²,1,Normativa (SI),Vigente
LX,,linear yard per pound,,,,3.1,Informativa - unidades base calificadas (niveles 1 y 2),Eliminado de la Rec. 20
LY,,linear yard,A unit of count defining the number of 36-inch units in length of a uniform width object.,,,3.1,Informativa - unidades base calificadas (niveles 1 y 2),Vigente
M0,,magnetic tape,,,,3.6,Informativa - unidades de tecnología de la información,Eliminado de la Rec. 20
M1,,milligram per litre,,mg/l,10⁻³ kg/m³,1M,Normativa - múltiplos de uso común,Vigente
M10,,reciprocal cubic yard,,1/yd³,"1,307 951 m⁻³",2,"Equivalente normativa (no SI: UK, US, etc.)",Vigente
M11,,cubic yard per degree Fahrenheit,,yd³/°F,"1,376 199 m³/K",2,"Equivalente normativa (no SI: UK, US, etc.)",Vigente
M12,,cubic yard per day,,yd³/d,"8,849 015 x 10⁻⁶ m³/s",2,"Equivalente normativa (no SI: UK, US, etc.)",Vigente
M13,,cubic yard per hour,,yd³/h,"2,123 764 x 10⁻⁴ m³/s",2,"Equivalente normativa (no SI: UK, US, etc.)",Vigente
M14,,cubic yard per psi,,yd³/psi,"1,108 893 x 10⁻⁴ m³/Pa",2,"Equivalente normativa (no SI: UK, US, etc.)",Vigente
M15,,cubic yard per minute,,yd³/min,"1,274 258 x 10⁻² m³/s",2,"Equivalente normativa (no SI: UK, US, etc.)",Vigente
M16,,cubic yard per second,,yd³/s,"0,764 554 9 m³/s",2,"Equivalente normativa (no SI: UK, US, etc.)",Vigente
M17,,kilohertz metre,,kHz·m,10³ Hz x m,2,"Equivalente normativa (no SI: UK, US, etc.)",Vigente
M18,,gigahertz metre,,GHz·m,10⁹ Hz x m,2,"Equivalente normativa (no SI: UK, US, etc.)",Vigente
M19,,Beaufort,"An empirical measure for describing wind speed based mainly on observed sea conditions. The Beaufort scale indicates the wind speed by numbers that typically range from 0 for calm, to 12 for hurricane.",Bft,,3,Informativa,Vigente
M20,,reciprocal megakelvin or megakelvin to the power minus one,,1/MK,10⁻⁶ K⁻¹,2,"Equivalente normativa (no SI: UK, US, etc.)",Vigente
M21,,reciprocal kilovolt - ampere reciprocal hour,,1/kVAh,"2,777 778 x 10⁻⁷ (V x A x s)⁻¹",2,"Equivalente normativa (no SI: UK, US, etc.)",Vigente
M22,,millilitre per square centimetre minute,,(ml/min)/cm²,"2,777 778 x 10⁻⁶  (m³/s)/m²",2,"Equivalente normativa (no SI: UK, US, etc.)",Vigente
M23,,newton per centimetre,,N/cm,10² N/m,1M,Normativa - múltiplos de uso común,Vigente
M24,,ohm kilometre,,Ω·km,10³ Ω x m,1M,Normativa - múltiplos de uso común,Vigente
M25,,percent per degree Celsius,"A unit of proportion, equal to 0.01, in relation to a temperature of one degree.",%/°C,10⁻² °C⁻¹,3.7,Informativa - enteros / números / razones,Vigente
M26,,gigaohm per metre,,GΩ/m,10⁹ Ω/m,2,"Equivalente normativa (no SI: UK, US, etc.)",Vigente
M27,,megahertz metre,,MHz·m,10⁶ Hz x m,2,"Equivalente normativa (no SI: UK, US, etc.)",Vigente
M29,,kilogram per kilogram,,kg/kg,1,1S,Normativa - múltiplos estándar,Vigente
M30,,reciprocal volt - ampere reciprocal second,,1/(V·A·s),(V x A x s)⁻¹,1S,Normativa - múltiplos estándar,Vigente
M31,,kilogram per kilometre,,kg/km,10⁻³ kg/m,1S,Normativa - múltiplos estándar,Vigente
M32,,pascal second per litre,,Pa·s/l,10³ Pa x s/m³,2,"Equivalente normativa (no SI: UK, US, etc.)",Vigente
M33,,millimole per litre,,mmol/l,mol/m³,1S,Normativa - múltiplos estándar,Vigente
M34,,newton metre per square metre,,N·m/m²,N x m/m²,1S,Normativa - múltiplos estándar,Vigente
M35,,millivolt - ampere,,mV·A,10⁻³ V x A,1S,Normativa - múltiplos estándar,Vigente
M36,,30-day month,"A unit of count defining the number of months expressed in multiples of 30 days, one day equals 24 hours.",mo (30 days),"2,592 000 x 10⁶ s",3.7,Informativa - enteros / números / razones,Vigente
M37,,actual/360,"A unit of count defining the number of years expressed in multiples of 360 days, one day equals 24 hours.",y (360 days),"3,110 400 0 x 10⁷ s",3.7,Informativa - enteros / números / razones,Vigente
M38,,kilometre per second squared,1000-fold of the SI base unit metre divided by the power of the SI base unit second by exponent 2.,km/s²,10³ m/s²,1M,Normativa - múltiplos de uso común,Vigente
M39,,centimetre per second squared,"0,01-fold of the SI base unit metre divided by the power of the SI base unit second by exponent 2.",cm/s²,10⁻² m/s²,1M,Normativa - múltiplos de uso común,Vigente
M4,,monetary value,A unit of measure expressed as a monetary amount.,,,3.9,Informativa - varias,Vigente
M40,,yard per second squared,Unit of the length according to the Anglo-American and Imperial system of units divided by the power of the SI base unit second by exponent 2.,yd/s²,"9,144 x 10⁻¹ m/s²",2,"Equivalente normativa (no SI: UK, US, etc.)",Vigente
M41,,millimetre per second squared,"0,001-fold of the SI base unit metre divided by the power of the SI base unit second by exponent 2.",mm/s²,10⁻³ m/s²,1M,Normativa - múltiplos de uso común,Vigente
M42,,mile (statute mile) per second squared,Unit of the length according to the Imperial system of units divided by the power of the SI base unit second by exponent 2.,mi/s²,"1,609 344 x 10³ m/s²",2,"Equivalente normativa (no SI: UK, US, etc.)",Vigente
M43,,mil,"Unit to indicate an angle at military zone, equal to the 6400th part of the full circle of the 360° or 2·p·rad.",mil,"9,817 477  x 10⁻⁴ rad",2,"Equivalente normativa (no SI: UK, US, etc.)",Vigente
M44,,revolution,Unit to identify an angle of the full circle of 360° or 2·p·rad (Refer ISO/TC12 SI Guide).,rev,"6,283 185 rad",2,"Equivalente normativa (no SI: UK, US, etc.)",Vigente
M45,,degree [unit of angle] per second squared,360 part of a full circle divided by the power of the SI base unit second and the exponent 2.,°/s²,"1,745 329 x 10⁻² rad / s",1M,Normativa - múltiplos de uso común,Vigente
M46,,revolution per minute,Unit of the angular velocity.,r/min,"0,104 719 8 rad/s",2.0,2.0,Vigente
M47,,circular mil,"Unit of an area, of which the size is given by a diameter of length of 1 mm (0,001 in) based on the formula: area = p·(diameter/2)².",cmil,"5,067 075 x 10⁻¹⁰ m²",2,"Equivalente normativa (no SI: UK, US, etc.)",Vigente
M48,,square mile (based on U.S. survey foot),"Unit of the area, which is mainly common in the agriculture and forestry.",mi² (US survey),"2,589 998 x 10⁶ m²",2,"Equivalente normativa (no SI: UK, US, etc.)",Vigente
M49,,chain (based on U.S. survey foot),Unit of the length according the Anglo-American system of units.,ch (US survey) ,"2,011684 x 10 m",2,"Equivalente normativa (no SI: UK, US, etc.)",Vigente
M5,,microcurie,,µCi,"3,7 x 10⁴ Bq",2S,Equivalente normativa - múltiplos,Vigente
M50,,furlong,Unit commonly used in Great Britain at rural distances: 1 furlong = 40 rods = 10 chains (UK) = 1/8 mile = 1/10 furlong = 220 yards = 660 foot.,fur,"2,011 68 x 10² m",2,"Equivalente normativa (no SI: UK, US, etc.)",Vigente
M51,,foot (U.S. survey),"Unit commonly used in the United States for ordnance survey.,",ft (US survey) ,"3,048 006 x 10⁻¹ m",2,"Equivalente normativa (no SI: UK, US, etc.)",Vigente
M52,,mile (based on U.S. survey foot),Unit commonly used in the United States for ordnance survey.,mi (US survey) ,"1,609347 x 10³ m",2,"Equivalente normativa (no SI: UK, US, etc.)",Vigente
M53,,metre per pascal,SI base unit metre divided by the derived SI unit pascal.,m/Pa,kg⁻¹ x m² x s²,1M,Normativa - múltiplos de uso común,Vigente
M55,,metre per radiant,Unit of the translation factor for implementation from rotation to linear movement.,m/rad,m/rad,1S,Normativa - múltiplos estándar,Vigente
M56,,shake,Unit for a very short period.,shake,10⁻⁸ s,2,"Equivalente normativa (no SI: UK, US, etc.)",Vigente
M57,,mile per minute,Unit of velocity from the Imperial system of units.,mi/min,"26,822 4 m/s",2,"Equivalente normativa (no SI: UK, US, etc.)",Vigente
M58,,mile per second,Unit of the velocity from the Imperial system of units.,mi/s,"1,609 344 x 10³ m/s",2,"Equivalente normativa (no SI: UK, US, etc.)",Vigente
M59,,metre per second pascal,SI base unit meter divided by the product of SI base unit second and the derived SI unit pascal.,(m/s)/Pa,m² x kg⁻¹ x s,1S,Normativa - múltiplos estándar,Vigente
M60,,metre per hour,SI base unit metre divided by the unit hour.,m/h,"2,777 78 x 10⁻⁴ m/s",2,"Equivalente normativa (no SI: UK, US, etc.)",Vigente
M61,,inch per year,Unit of the length according to the Anglo-American and Imperial system of units divided by the unit common year with 365 days.,in/y,"8,048 774 x 10⁻¹⁰ m/s",2,"Equivalente normativa (no SI: UK, US, etc.)",Vigente
M62,,kilometre per second,1000-fold of the SI base unit metre divided by the SI base unit second.,km/s,10³ m/s,2,"Equivalente normativa (no SI: UK, US, etc.)",Vigente
M63,,inch per minute,Unit inch according to the Anglo-American and Imperial system of units divided by the unit minute.,in/min,"4,233 333 x 10⁻⁴ m/s",2,"Equivalente normativa (no SI: UK, US, etc.)",Vigente
M64,,yard per second,Unit yard according to the Anglo-American and Imperial system of units divided by the SI base unit second.,yd/s,"9,144 x 10⁻¹ m/s",2,"Equivalente normativa (no SI: UK, US, etc.)",Vigente
M65,,yard per minute,Unit yard according to the Anglo-American and Imperial system of units divided by the unit minute.,yd/min,"1,524 x 10⁻² m/s",2,"Equivalente normativa (no SI: UK, US, etc.)",Vigente
M66,,yard per hour,Unit yard according to the Anglo-American and Imperial system of units divided by the unit hour.,yd/h,"2,54 x 10⁻⁴ m/s",2,"Equivalente normativa (no SI: UK, US, etc.)",Vigente
M67,,acre-foot (based on U.S. survey foot),"Unit of the volume, which is used in the United States to measure/gauge the capacity of reservoirs.",acre-ft (US survey),"1,233 489 x 10³ m³",2,"Equivalente normativa (no SI: UK, US, etc.)",Vigente
M68,,cord (128 ft3),Traditional unit of the volume of stacked firewood which has been measured with a cord.,cord,"3,624 556 m³",2,"Equivalente normativa (no SI: UK, US, etc.)",Vigente
M69,,cubic mile (UK statute),Unit of volume according to the Imperial system of units.,mi³,"4,168 182 x 10⁹ m³",2,"Equivalente normativa (no SI: UK, US, etc.)",Vigente
M7,,micro-inch,,µin,"25,4 x 10⁻⁹ m",2,"Equivalente normativa (no SI: UK, US, etc.)",Vigente
M70,,"ton, register",Traditional unit of the cargo capacity.,RT,"2,831 685 m³",2,"Equivalente normativa (no SI: UK, US, etc.)",Vigente
M71,,cubic metre per pascal,Power of the SI base unit meter by exponent 3 divided by the derived SI base unit pascal.,m³/Pa,kg⁻¹ x m⁴ x s²,1S,Normativa - múltiplos estándar,Vigente
M72,,bel,Logarithmic relationship to base 10.,B,B,1M,Normativa - múltiplos de uso común,Vigente
M73,,kilogram per cubic metre pascal,SI base unit kilogram divided by the product of the power of the SI base unit metre with exponent 3 and the derived SI unit pascal.,(kg/m³)/Pa,m⁻² x s²,1M,Normativa - múltiplos de uso común,Vigente
M74,,kilogram per pascal,SI base unit kilogram divided by the derived SI unit pascal.,kg/Pa,m x s²,2.0,2.0,Vigente
M75,,kilopound-force,1000-fold of the unit of the force pound-force (lbf) according to the Anglo-American system of units with the relationship.,kip,"4,448 222 x 10³ N",2,"Equivalente normativa (no SI: UK, US, etc.)",Vigente
M76,,poundal,"Non SI-conforming unit of the power, which corresponds to a mass of a pound multiplied with the acceleration of a foot per square second.",pdl,"1,382 550 x 10⁻¹ N",2,"Equivalente normativa (no SI: UK, US, etc.)",Vigente
M77,,kilogram metre per second squared,Product of the SI base unit kilogram and the SI base unit metre divided by the power of the SI base unit second by exponent 2.,kg·m/s²,(kg x m)/s²,2,"Equivalente normativa (no SI: UK, US, etc.)",Vigente
M78,,pond,"0,001-fold of the unit of the weight, defined as a mass of 1 kg which finds out about a weight strength from 1 kp by the gravitational force at sea level which corresponds to a strength of 9,806 65 newton.",p,"9,806 65 x 10⁻³ N",2,"Equivalente normativa (no SI: UK, US, etc.)",Vigente
M79,,square foot per hour,Power of the unit foot according to the Anglo-American and Imperial system of units by exponent 2 divided by the unit of time hour.,ft²/h,"2,580 64 x 10⁻⁵ m²/s",2,"Equivalente normativa (no SI: UK, US, etc.)",Vigente
M80,,stokes per pascal,CGS (Centimetre-Gram-Second system) unit stokes divided by the derived SI unit pascal.,St/Pa,10⁻⁴ kg⁻¹ x m³ x s,2,"Equivalente normativa (no SI: UK, US, etc.)",Vigente
M81,,square centimetre per second,"0,000 1-fold of the power of the SI base unit metre by exponent 2 divided by the SI base unit second.",cm²/s,10⁻⁴ m²/s,2,"Equivalente normativa (no SI: UK, US, etc.)",Vigente
M82,,square metre per second pascal,Power of the SI base unit metre with the exponent 2 divided by the SI base unit second and the derived SI unit pascal.,(m²/s)/Pa,kg⁻¹ x m³ x s,1.0,1.0,Vigente
M83,,denier,Traditional unit for the indication of the linear mass of textile fibers and yarns.,den,"1,111 111 x 10⁻⁷ kg/m",2.0,2.0,Vigente
M84,,pound per yard,Unit for linear mass according to avoirdupois system of units.,lb/yd,"4,960 546 x 10⁻¹ kg/m",2,"Equivalente normativa (no SI: UK, US, etc.)",Vigente
M85,,"ton, assay",Non SI-conforming unit of the mass used in the mineralogy to determine the concentration of precious metals in ore according to the mass of the precious metal in milligrams in a sample of the mass of an assay sound (number of troy ounces in a short ton (1 000 lb)).,,"2,916 667 x 10⁻² kg",2,"Equivalente normativa (no SI: UK, US, etc.)",Vigente
M86,,pfund,Outdated unit of the mass used in Germany.,pfd,"0,5 kg",2,"Equivalente normativa (no SI: UK, US, etc.)",Vigente
M87,,kilogram per second pascal,SI base unit kilogram divided by the product of the SI base unit second and the derived SI unit pascal.,(kg/s)/Pa,m x s,1S,Normativa - múltiplos estándar,Vigente
M88,,tonne per month,Unit tonne divided by the unit month.,t/mo,"3,802 570 537 68 x 10⁻⁴ kg/s",2,"Equivalente normativa (no SI: UK, US, etc.)",Vigente
M89,,tonne per year,Unit tonne divided by the unit year with 365 days.,t/y,"3,168 808 781 x 10⁻⁵ kg/s",2,"Equivalente normativa (no SI: UK, US, etc.)",Vigente
M9,,million Btu per 1000 cubic foot,,MBTU/kft³,,3.9,Informativa - varias,Vigente
M90,,kilopound per hour,1000-fold of the unit of the mass avoirdupois pound according to the avoirdupois unit system divided by the unit hour.,klb/h,"0,125 997 889 kg/s",2,"Equivalente normativa (no SI: UK, US, etc.)",Vigente
M91,,pound per pound,Proportion of the mass consisting of the avoirdupois pound according to the avoirdupois unit system divided by the avoirdupois pound according to the avoirdupois unit system.,lb/lb,1.0,2.0,2.0,Vigente
M92,,pound-force foot,Product of the unit pound-force according to the Anglo-American system of units and the unit foot according to the Anglo-American and the Imperial system of units.,lbf·ft,"1,355 818 N x m",2,"Equivalente normativa (no SI: UK, US, etc.)",Vigente
M93,,newton metre per radian,Product of the derived SI unit newton and the SI base unit metre divided by the unit radian.,N·m/rad,m² x kg x s⁻² x rad⁻¹,1M,Normativa - múltiplos de uso común,Vigente
M94,,kilogram metre,Unit of imbalance as a product of the SI base unit kilogram and the SI base unit metre.,kg·m,kg x m,1S,Normativa - múltiplos estándar,Vigente
M95,,poundal foot,Product of the non SI-conforming unit of the force poundal and the unit foot according to the Anglo-American and Imperial system of units .,pdl·ft,"4,214 011 x 10⁻² N x m",2,"Equivalente normativa (no SI: UK, US, etc.)",Vigente
M96,,poundal inch,Product of the non SI-conforming unit of the force poundal and the unit inch according to the Anglo-American and Imperial system of units .,pdl·in,"3,511 677 10⁻³ N x m",2,"Equivalente normativa (no SI: UK, US, etc.)",Vigente
M97,,dyne metre,CGS (Centimetre-Gram-Second system) unit of the rotational moment.,dyn·m,10⁻⁵ N x m,2,"Equivalente normativa (no SI: UK, US, etc.)",Vigente
M98,,kilogram centimetre per second,"Product of the SI base unit kilogram and the 0,01-fold of the SI base unit metre divided by the SI base unit second.",kg·(cm/s),10⁻² kg x m/s,1M,Normativa - múltiplos de uso común,Vigente
M99,,gram centimetre per second,"Product of the 0,001-fold of the SI base unit kilogram and the 0,01-fold of the SI base unit metre divided by the SI base unit second.",g·(cm/s),10⁻⁵ kg x m/s,1M,Normativa - múltiplos de uso común,Vigente
MA,,machine per unit,,,,3.9,Informativa - varias,Eliminado de la Rec. 20
MAH,,megavolt ampere reactive hour,A unit of electrical reactive power defining the total amount of reactive power across a power system.,Mvar·h,,3.1,Informativa - unidades base calificadas (niveles 1 y 2),Vigente
MAL,,megalitre,,Ml,10³ m³,1M,Normativa - múltiplos de uso común,Vigente
MAM,,megametre,,Mm,10⁶ m,2,"Equivalente normativa (no SI: UK, US, etc.)",Vigente
MAR,,megavar,A unit of electrical reactive power represented by a current of one thousand amperes flowing due a potential difference of one thousand volts where the sine of the phase angle between them is 1.,Mvar,,1M,Normativa - múltiplos de uso común,Vigente
MAW,megavatio,megawatt,A unit of power defining the rate of energy transferred or consumed when a current of 1000 amperes flows due to a potential of 1000 volts at unity power factor.,MW,10⁶ W,1S,Normativa - múltiplos estándar,Vigente
MBE,,thousand standard brick equivalent,A unit of count defining the number of one thousand brick equivalent units.,,,3.5,Informativa - unidades específicas de industria,Vigente
MBF,,thousand board foot,A unit of volume equal to one thousand board foot.,,,3.5,Informativa - unidades específicas de industria,Vigente
MBR,milibar,millibar,,mbar,10² Pa,1S,Normativa - múltiplos estándar,Vigente
MC,microgramo,microgram,,µg,10⁻⁹ kg,1S,Normativa - múltiplos estándar,Vigente
MCU,,millicurie,,mCi,"3,7 x 10⁷ Bq",2S,Equivalente normativa - múltiplos,Vigente
MD,,air dry metric ton,"A unit of count defining the number of metric tons of a product, disregarding the water content of the product.",,,3.1,Informativa - unidades base calificadas (niveles 1 y 2),Vigente
MF,,milligram per square foot per side,,,,3.1,Informativa - unidades base calificadas (niveles 1 y 2),Eliminado de la Rec. 20
MGM,miligramo,milligram,,mg,10⁻⁶ kg,1S,Normativa - múltiplos estándar,Vigente
MHZ,megahercio,megahertz,,MHz,10⁶ Hz,1S,Normativa - múltiplos estándar,Vigente
MIK,milla cuadrada,square mile (statute mile),,mi²,"2,589 988 km²",2,"Equivalente normativa (no SI: UK, US, etc.)",Vigente
MIL,millar,thousand,,,10³,3.7,Informativa - enteros / números / razones,Vigente
MIN,minuto,minute [unit of time],,min,60 s,1,Normativa (SI),Vigente
MIO,,million,,,10⁶,3.7,Informativa - enteros / números / razones,Vigente
MIU,,million international unit,A unit of count defining the number of international units in multiples of 10⁶.,,,3.7,Informativa - enteros / números / razones,Vigente
MK,,milligram per square inch,,mg/in²,,3.5,Informativa - unidades específicas de industria,Eliminado de la Rec. 20
MKD,,Square Metre Day,Unit for measuring physical dimensions and time as required by DIN 18451,m²·d,,3.2,Informativa - unidades de venta,Vigente
MKM,,Square Metre Month,Unit for measuring physical dimensions and time as required by DIN 18451,m²·mo,,3.2,Informativa - unidades de venta,Vigente
MKW,,Square Metre Week,Unit for measuring physical dimensions and time as required by DIN 18451,m²· wk,,3.2,Informativa - unidades de venta,Vigente
MLD,,milliard,Synonym: billion (US),,10⁹,3.7,Informativa - enteros / números / razones,Vigente
MLT,mililitro,millilitre,,ml,10⁻⁶ m³,1S,Normativa - múltiplos estándar,Vigente
MMK,milímetro cuadrado,square millimetre,,mm²,10⁻⁶ m²,1S,Normativa - múltiplos estándar,Vigente
MMQ,milímetro cúbico,cubic millimetre,,mm³,10⁻⁹ m³,1S,Normativa - múltiplos estándar,Vigente
MMT,milímetro,millimetre,,mm,10⁻³ m,1S,Normativa - múltiplos estándar,Vigente
MND,,"kilogram, dry weight","A unit of mass defining the number of kilograms of a product, disregarding the water content of the product.",,,3.1,Informativa - unidades base calificadas (niveles 1 y 2),Vigente
MNJ,,Mega Joule per Normalised cubic Metre,Energy in Mega Joules per normalised cubic metre for gas (temperature 0°C and pressure 101325 millibars),MJ/m³,,2.0,2.0,Vigente (característica modificada)
MON,mes,month,"Unit of time equal to 1/12 of a year of 365,25 days.",mo,"2,629 800 x 10⁶ s",2,"Equivalente normativa (no SI: UK, US, etc.)",Vigente
MPA,,megapascal,,MPa,10⁶ Pa,1S,Normativa - múltiplos estándar,Vigente
MQ,,thousand metre,,,10³m,3.8,Informativa - múltiplos / fracciones / decimales,Eliminado de la Rec. 20
MQD,,Cubic Metre Day,Unit for measuring physical dimensions and time as required by DIN 18451,m³·d,,3.2,Informativa - unidades de venta,Vigente
MQH,,cubic metre per hour,,m³/h,"2,777 78 x 10⁻⁴ m³/s",1M,Normativa - múltiplos de uso común,Vigente
MQM,,Cubic Metre Month,Unit for measuring physical dimensions and time as required by DIN 18451,m³·mo,,3.2,Informativa - unidades de venta,Vigente
MQS,,cubic metre per second,,m³/s,m³/s,1,Normativa (SI),Vigente
MQW,,Cubic Metre Week,Unit for measuring physical dimensions and time as required by DIN 18451,m³·wk,,3.2,Informativa - unidades de venta,Vigente
MRD,,Metre Day,Unit for measuring physical dimensions and time as required by DIN 18451,m·day,,3.2,Informativa - unidades de venta,Vigente
MRM,,Metre Month,Unit for measuring physical dimensions and time as required by DIN 18451,m·mo,,3.2,Informativa - unidades de venta,Vigente
MRW,,Metre Week,"Unit for measuring physical dimensions and time, as required by DIN 18451",m·wk,,3.2,Informativa - unidades de venta,Vigente
MSK,,metre per second squared,,m/s²,m/s²,1,Normativa (SI),Vigente
MT,,mat,"Use UN/ECE Recommendation 21 (refer to Note 2 in the spreadsheet introduction, 1st sheet).",,,3.3,Informativa - unidades de embalaje,Eliminado de la Rec. 20
MTK,metro cuadrado,square metre,,m²,m²,1,Normativa (SI),Vigente
MTQ,metro cúbico,cubic metre,Synonym: metre cubed,m³,m³,1,Normativa (SI),Vigente
MTR,metro,metre,,m,m,1,Normativa (SI),Vigente
MTS,metro por segundo,metre per second,,m/s,m/s,1,Normativa (SI),Vigente
MTZ,,millihertz,A unit of frequency equal to 0.001 cycle per second,mHz ,10-3 Hz,1S,Normativa - múltiplos estándar,Vigente
MV,,number of mults,,,,3.7,Informativa - enteros / números / razones,Eliminado de la Rec. 20
MVA,,megavolt - ampere,,MV·A,10⁶ V x A,1S,Normativa - múltiplos estándar,Vigente
MWH,megavatio hora,megawatt hour (1000 kW.h),A unit of power defining the total amount of bulk energy transferred or consumed.,MW·h,"3,6 x 10⁹ J",1S,Normativa - múltiplos estándar,Vigente
N1,,pen calorie,A unit of count defining the number of calories prescribed daily for parenteral/enteral therapy.,,,3.9,Informativa - varias,Vigente
N10,,pound foot per second,Product of the avoirdupois pound according to the avoirdupois unit system and the unit foot according to the Anglo-American and Imperial system of units divided by the SI base unit second.,lb·(ft/s),"1,382 550 x 10⁻¹ kg x m/s",2.0,2.0,Vigente
N11,,pound inch per second,Product of the avoirdupois pound according to the avoirdupois unit system and the unit inch according to the Anglo-American and Imperial system of units divided by the SI base unit second.,lb·(in/s),"1,152 125 x 10⁻² kg x m/s",2.0,2.0,Vigente
N12,,Pferdestaerke,"Obsolete unit of the power relating to DIN 1301-3:1979: 1 PS = 735,498 75 W.",PS,"7,354 988 x 10² W",2,"Equivalente normativa (no SI: UK, US, etc.)",Vigente
N13,,centimetre of mercury (0 ºC),"Non SI-conforming unit of pressure, at which a value of 1 cmHg meets the static pressure, which is generated by a mercury at a temperature of 0 °C with a height of 1 centimetre .",cmHg (0 ºC),"1,333 22 x 10³ Pa",2,"Equivalente normativa (no SI: UK, US, etc.)",Vigente
N14,,centimetre of water (4 ºC),"Non SI-conforming unit of pressure, at which a value of 1 cmH2O meets the static pressure, which is generated by a head of water at a temperature of 4 °C with a height of 1 centimetre .",cmH₂O (4 °C),"9,806 38 x 10 Pa",2,"Equivalente normativa (no SI: UK, US, etc.)",Vigente
N15,,foot of water (39.2 ºF),"Non SI-conforming unit of pressure according to the Anglo-American and Imperial system for units, whereas the value of 1 ftH2O is equivalent to the static pressure, which is generated by a head of water at a temperature 39,2°F with a height of 1 foot .","ftH₂O (39,2 ºF)","2,988 98 x 10³  Pa",2,"Equivalente normativa (no SI: UK, US, etc.)",Vigente
N16,,inch of mercury (32 ºF),"Non SI-conforming unit of pressure according to the Anglo-American and Imperial system for units, whereas the value of 1 inHg meets the static pressure, which is generated by a mercury at a temperature of 32°F with a height of 1 inch.",inHG (32 ºF),"3,386 38 x 10³  Pa",2,"Equivalente normativa (no SI: UK, US, etc.)",Vigente
N17,,inch of mercury (60 ºF),"Non SI-conforming unit of pressure according to the Anglo-American and Imperial system for units, whereas the value of 1 inHg meets the static pressure, which is generated by a mercury at a temperature of 60°F with a height of 1 inch.",inHg (60 ºF),"3,376 85 x 10³  Pa",2,"Equivalente normativa (no SI: UK, US, etc.)",Vigente
N18,,inch of water (39.2 ºF),"Non SI-conforming unit of pressure according to the Anglo-American and Imperial system for units, whereas the value of 1 inH2O meets the static pressure, which is generated by a head of water at a temperature of 39,2°F with a height of 1 inch .","inH₂O (39,2 ºF)","2,490 82 × 10² Pa",2,"Equivalente normativa (no SI: UK, US, etc.)",Vigente
N19,,inch of water (60 ºF),"Non SI-conforming unit of pressure according to the Anglo-American and Imperial system for units, whereas the value of 1 inH2O meets the static pressure, which is generated by a head of water at a temperature of 60°F with a height of 1 inch .",inH₂O (60 ºF),"2,488 4 × 10² Pa",2,"Equivalente normativa (no SI: UK, US, etc.)",Vigente
N2,,number of lines,,,,3.9,Informativa - varias,Eliminado de la Rec. 20
N20,,kip per square inch,Non SI-conforming unit of the pressure according to the Anglo-American system of units as the 1000-fold of the unit of the force pound-force divided by the power of the unit inch by exponent 2.,ksi,"6,894 757 x 10⁶ Pa",2,"Equivalente normativa (no SI: UK, US, etc.)",Vigente
N21,,poundal per square foot,"Non SI-conforming unit of pressure by the Imperial system of units according to NIST: 1 pdl/ft² = 1,488 164 Pa.",pdl/ft²,"1,488 164 Pa",2,"Equivalente normativa (no SI: UK, US, etc.)",Vigente
N22,,ounce (avoirdupois) per square inch,Unit of the surface specific mass (avoirdupois ounce according to the avoirdupois system of units according to the surface square inch according to the Anglo-American and Imperial system of units).,oz/in²,"4,394 185 x 10 kg/m²",2,"Equivalente normativa (no SI: UK, US, etc.)",Vigente
N23,,conventional metre of water,"Not SI-conforming unit of pressure, whereas a value of 1 mH2O is equivalent to the static pressure, which is produced by one metre high water column .",mH₂O,"9,806 65 x 10³ Pa",2,"Equivalente normativa (no SI: UK, US, etc.)",Vigente
N24,,gram per square millimetre,"0,001-fold of the SI base unit kilogram divided by the 0.000 001-fold of the power of the SI base unit meter by exponent 2.",g/mm²,10³ kg/m²,2,"Equivalente normativa (no SI: UK, US, etc.)",Vigente
N25,,pound per square yard,Unit for areal-related mass as a unit pound according to the avoirdupois unit system divided by the power of the unit yard according to the Anglo-American and Imperial system of units with exponent 2.,lb/yd²,"5,424 919 x 10⁻¹ kg/m²",2,"Equivalente normativa (no SI: UK, US, etc.)",Vigente
N26,,poundal per square inch,Non SI-conforming unit of the pressure according to the Imperial system of units (poundal by square inch).,pdl/in²,"2,142 957 × 10² Pa",2,"Equivalente normativa (no SI: UK, US, etc.)",Vigente
N27,,foot to the fourth power,"Power of the unit foot according to the Anglo-American and Imperial system of units by exponent 4 according to NIST: 1 ft4 = 8,630 975 m4.",ft⁴,"8,630 975 x 10⁻³ m⁴",2,"Equivalente normativa (no SI: UK, US, etc.)",Vigente
N28,,cubic decimetre per kilogram,"0,001 fold of the power of the SI base unit meter by exponent 3 divided by the SI based unit kilogram.",dm³/kg,10⁻³ m³ x kg⁻¹,1M,Normativa - múltiplos de uso común,Vigente
N29,,cubic foot per pound,Power of the unit foot according to the Anglo-American and Imperial system of units by exponent 3 divided by the unit avoirdupois pound according to the avoirdupois unit system.,ft³/lb,"6,242 796 x 10⁻² m³/kg",2.0,2.0,Vigente
N3,,print point,,,"0,013 8 in (approx)",3.5,Informativa - unidades específicas de industria,Vigente
N30,,cubic inch per pound,Power of the unit inch according to the Anglo-American and Imperial system of units by exponent 3 divided by the avoirdupois pound according to the avoirdupois unit system .,in³/lb,"3,612 728 x 10⁻⁵ m³/kg",2.0,2.0,Vigente
N31,,kilonewton per metre,1000-fold of the derived SI unit newton divided by the SI base unit metre.,kN/m,10³ N/m,1M,Normativa - múltiplos de uso común,Vigente
N32,,poundal per inch,Non SI-conforming unit of the surface tension according to the Imperial unit system as quotient poundal by inch.,pdl/in,"5,443 110 N/m",2.0,2.0,Vigente
N33,,pound-force per yard,Unit of force per unit length based on the Anglo-American system of units.,lbf/yd,"4,864 635 N/m",2.0,2.0,Vigente
N34,,poundal second per square foot,Non SI-conforming unit of viscosity.,(pdl/ft²)·s,"1,488 164 Pa x s",2.0,2.0,Vigente
N35,,poise per pascal,CGS (Centimetre-Gram-Second system) unit poise divided by the derived SI unit pascal.,P/Pa,"0,1 s",2,"Equivalente normativa (no SI: UK, US, etc.)",Vigente
N36,,newton second per square metre,Unit of the dynamic viscosity as a product of unit of the pressure (newton by square metre) multiplied with the SI base unit second.,(N/m²)·s,Pa x s,1S,Normativa - múltiplos estándar,Vigente
N37,,kilogram per metre second,Unit of the dynamic viscosity as a quotient SI base unit kilogram divided by the SI base unit metre and by the SI base unit second.,kg/(m·s),Pa x s,1.0,1.0,Vigente
N38,,kilogram per metre minute,Unit of the dynamic viscosity as a quotient SI base unit kilogram divided by the SI base unit metre and by the unit minute.,kg/(m·min),"1,666 67 × 10⁻² Pa x s",1.0,1.0,Vigente
N39,,kilogram per metre day,Unit of the dynamic viscosity as a quotient SI base unit kilogram divided by the SI base unit metre and by the unit day.,kg/(m·d),"1,157 41 × 10⁻⁵ Pa x s",1M,Normativa - múltiplos de uso común,Vigente
N40,,kilogram per metre hour,Unit of the dynamic viscosity as a quotient SI base unit kilogram divided by the SI base unit metre and by the unit hour.,kg/(m·h),"2,777 78 × 10⁻⁴ Pa x s",1M,Normativa - múltiplos de uso común,Vigente
N41,,gram per centimetre second,"Unit of the dynamic viscosity as a quotient of the 0,001-fold of the SI base unit kilogram divided by the 0,01-fold of the SI base unit metre and SI base unit second.",g/(cm·s),"0,1 Pa x s",1M,Normativa - múltiplos de uso común,Vigente
N42,,poundal second per square inch,Non SI-conforming unit of dynamic viscosity according to the Imperial system of units as product unit of the pressure (poundal by square inch) multiplied by the SI base unit second.,(pdl/in²)·s,"2,142 957 x 10² Pa x s",2.0,2.0,Vigente
N43,,pound per foot minute,Unit of the dynamic viscosity according to the Anglo-American unit system.,lb/(ft·min),"2,480 273 x 10⁻²  Pa x s",2.0,2.0,Vigente
N44,,pound per foot day,Unit of the dynamic viscosity according to the Anglo-American unit system.,lb/(ft·d),"1,722 412 x 10⁻⁵ Pa x s",2.0,2.0,Vigente
N45,,cubic metre per second pascal,Power of the SI base unit meter by exponent 3 divided by the product of the SI base unit second and the derived SI base unit pascal.,(m³/s)/Pa,kg⁻¹ x m⁴ x s,1S,Normativa - múltiplos estándar,Vigente
N46,,foot poundal,Unit of the work (force-path).,ft·pdl,"4,214 011 x 10⁻² J",2,"Equivalente normativa (no SI: UK, US, etc.)",Vigente
N47,,inch poundal,Unit of work (force multiplied by path) according to the Imperial system of units as a product unit inch multiplied by poundal.,in·pdl,"3,511 677 x 10⁻³ J",2.0,2.0,Vigente
N48,,watt per square centimetre,"Derived SI unit watt divided by the power of the 0,01-fold the SI base unit metre by exponent 2.",W/cm²,10⁴ W/m²,2.0,2.0,Vigente
N49,,watt per square inch,Derived SI unit watt divided by the power of the unit inch according to the Anglo-American and Imperial system of units by exponent 2.,W/in²,"1,550 003 x 10³ W/m²",2.0,2.0,Vigente
N50,,British thermal unit (international table) per square foot hour,Unit of the surface heat flux according to the Imperial system of units.,BtuIT/(ft²·h),"3,154 591 W/m²",2.0,2.0,Vigente
N51,,British thermal unit (thermochemical) per square foot hour,Unit of the surface heat flux according to the Imperial system of units.,Btuth/(ft²·h),"3,152 481 W/m²",2.0,2.0,Vigente
N52,,British thermal unit (thermochemical) per square foot minute,Unit of the surface heat flux according to the Imperial system of units.,Btuth/(ft²·min) ,"1,891 489 x 10² W/m²",2.0,2.0,Vigente
N53,,British thermal unit (international table) per square foot second,Unit of the surface heat flux according to the Imperial system of units.,BtuIT/(ft²·s),"1,135 653 x 10⁴ W/m²",2.0,2.0,Vigente
N54,,British thermal unit (thermochemical) per square foot second,Unit of the surface heat flux according to the Imperial system of units.,Btuth/(ft²·s),"1,134 893 x 10⁴ W/m²",2.0,2.0,Vigente
N55,,British thermal unit (international table) per square inch second,Unit of the surface heat flux according to the Imperial system of units.,BtuIT/(in²·s),"1,634 246 x 10⁶ W/m²",2.0,2.0,Vigente
N56,,calorie (thermochemical) per square centimetre minute,Unit of the surface heat flux according to the Imperial system of units.,calth/(cm²·min),"6,973 333 x 10² W/m²",2.0,2.0,Vigente
N57,,calorie (thermochemical) per square centimetre second,Unit of the surface heat flux according to the Imperial system of units.,calth/(cm²·s),"4,184 x 10⁴ W/m²",2.0,2.0,Vigente
N58,,British thermal unit (international table) per cubic foot,Unit of the energy density according to the Imperial system of units.,BtuIT/ft³,"3,725 895 x10⁴ J/m³",2.0,2.0,Vigente
N59,,British thermal unit (thermochemical) per cubic foot,Unit of the energy density according to the Imperial system of units.,Btuth/ft³,"3,723 403 x10⁴ J/m³",2.0,2.0,Vigente
N60,,British thermal unit (international table) per degree Fahrenheit,Unit of the heat capacity according to the Imperial system of units.,BtuIT/ºF,"1,899 101 x 10³ J/K",2.0,2.0,Vigente
N61,,British thermal unit (thermochemical) per degree Fahrenheit,Unit of the heat capacity according to the Imperial system of units.,Btuth/ºF,"1,897 830 x 10³ J/K",2.0,2.0,Vigente
N62,,British thermal unit (international table) per degree Rankine,Unit of the heat capacity according to the Imperial system of units.,BtuIT/ºR,"1,899 101 x 10³ J/K",2.0,2.0,Vigente
N63,,British thermal unit (thermochemical) per degree Rankine,Unit of the heat capacity according to the Imperial system of units.,Btuth/ºR,"1,897 830 x 10³ J/K",2.0,2.0,Vigente
N64,,British thermal unit (thermochemical) per pound degree Rankine,Unit of the heat capacity (British thermal unit according to the international table according to the Rankine degree) according to the Imperial system of units divided by the unit avoirdupois pound according to the avoirdupois system of units.,(Btuth/°R)/lb,"4,184 x 10³ J/(kg x K)",2,"Equivalente normativa (no SI: UK, US, etc.)",Vigente
N65,,kilocalorie (international table) per gram kelvin,"Unit of the mass-related heat capacity as quotient 1000-fold of the calorie (international table) divided by the product of the 0,001-fold of the SI base units kilogram and kelvin.",(kcalIT/K)/g,"4,186 8 x 10⁶ J/(kg x K)",2,"Equivalente normativa (no SI: UK, US, etc.)",Vigente
N66,,British thermal unit (39 ºF),Unit of heat energy according to the Imperial system of units in a reference temperature of 39 °F.,Btu (39 ºF) ,"1,059 67  x 10³ J",2,"Equivalente normativa (no SI: UK, US, etc.)",Vigente
N67,,British thermal unit (59 ºF),Unit of heat energy according to the Imperial system of units in a reference temperature of 59 °F.,Btu (59 ºF),"1,054 80  x 10³ J",2,"Equivalente normativa (no SI: UK, US, etc.)",Vigente
N68,,British thermal unit (60 ºF),Unit of head energy according to the Imperial system of units at a reference temperature of 60 °F.,Btu (60 ºF) ,"1,054 68  x 10³ J",2,"Equivalente normativa (no SI: UK, US, etc.)",Vigente
N69,,calorie (20 ºC),"Unit for quantity of heat, which is to be required for 1 g air free water at a constant pressure from 101,325 kPa, to warm up the pressure of standard atmosphere at sea level, from 19,5 °C on 20,5 °C.",cal₂₀,"4,181 90",2,"Equivalente normativa (no SI: UK, US, etc.)",Vigente
N70,,quad (1015 BtuIT),Unit of heat energy according to the imperial system of units.,quad,"1,055 056 × 10¹⁸ J",2,"Equivalente normativa (no SI: UK, US, etc.)",Vigente
N71,,therm (EC),"Unit of heat energy in commercial use, within the EU defined: 1 thm (EC) = 100 000 BtuIT.",thm (EC),"1,055 06 × 10⁸ J",2,"Equivalente normativa (no SI: UK, US, etc.)",Vigente
N72,,therm (U.S.),Unit of heat energy in commercial use.,thm (US),"1,054 804 × 10⁸ J",2,"Equivalente normativa (no SI: UK, US, etc.)",Vigente
N73,,British thermal unit (thermochemical) per pound,Unit of the heat energy according to the Imperial system of units divided the unit avoirdupois pound according to the avoirdupois system of units.,Btuth/lb,"2,324 444 x 10³ J/kg",2,"Equivalente normativa (no SI: UK, US, etc.)",Vigente
N74,,British thermal unit (international table) per hour square foot degree Fahrenheit,Unit of the heat transition coefficient according to the Imperial system of units.,BtuIT/(h·ft²·ºF),"5,678 263 W/(m² x K)",2,"Equivalente normativa (no SI: UK, US, etc.)",Vigente
N75,,British thermal unit (thermochemical) per hour square foot degree Fahrenheit,Unit of the heat transition coefficient according to the imperial system of units.,Btuth/(h·ft²·ºF),"5,674 466 W/(m² x K)",2,"Equivalente normativa (no SI: UK, US, etc.)",Vigente
N76,,British thermal unit (international table) per second square foot degree Fahrenheit,Unit of the heat transition coefficient according to the imperial system of units.,BtuIT/(s·ft²·ºF),"2,044 175 x 10⁴ W/(m² x K)",2,"Equivalente normativa (no SI: UK, US, etc.)",Vigente
N77,,British thermal unit (thermochemical) per second square foot degree Fahrenheit,Unit of the heat transition coefficient according to the imperial system of units.,Btuth/(s·ft²·ºF) ,"2,042 808 x 10⁴ W/(m² x K)",2,"Equivalente normativa (no SI: UK, US, etc.)",Vigente
N78,,kilowatt per square metre kelvin,1000-fold of the derived SI unit watt divided by the product of the power of the SI base unit metre by exponent 2 and the SI base unit kelvin.,kW/(m²·K),10³ W/(m² x K),1M,Normativa - múltiplos de uso común,Vigente
N79,,kelvin per pascal,SI base unit kelvin divided by the derived SI unit pascal.,K/Pa,kg⁻¹ x m x s² x K,1S,Normativa - múltiplos estándar,Vigente
N80,,watt per metre degree Celsius,Derived SI unit watt divided by the product of the SI base unit metre and the unit for temperature degree Celsius.,W/(m·°C),W/(m x K),1M,Normativa - múltiplos de uso común,Vigente
N81,,kilowatt per metre kelvin,1000-fold of the derived SI unit watt divided by the product of the SI base unit metre and the SI base unit kelvin.,kW/(m·K),10³ W/(m x K),1M,Normativa - múltiplos de uso común,Vigente
N82,,kilowatt per metre degree Celsius,1000-fold of the derived SI unit watt divided by the product of the SI base unit metre and the unit for temperature degree Celsius.,kW/(m·°C),10³ W/(m x K),1M,Normativa - múltiplos de uso común,Vigente
N83,,metre per degree Celcius metre,SI base unit metre divided by the product of the unit degree Celsius and the SI base unit metre.,m/(°C·m),K⁻¹,2.0,2.0,Vigente
N84,,degree Fahrenheit hour per British thermal unit (international table),Non SI-conforming unit of the thermal resistance according to the Imperial system of units.,ºF/(BtuIT/h),"1,895 634 K/W",2.0,2.0,Vigente
N85,,degree Fahrenheit hour per British thermal unit (thermochemical),Non SI-conforming unit of the thermal resistance according to the Imperial system of units.,ºF/(Btuth/h),"1,896 903 K/W",2.0,2.0,Vigente
N86,,degree Fahrenheit second per British thermal unit (international table),Non SI-conforming unit of the thermal resistance according to the Imperial system of units.,ºF/(BtuIT/s),"5,265 651 x 10⁻⁴ K/W",2.0,2.0,Vigente
N87,,degree Fahrenheit second per British thermal unit (thermochemical),Non SI-conforming unit of the thermal resistance according to the Imperial system of units.,ºF/(Btuth/s),"5,269 175 x 10⁻⁴ K/W",2.0,2.0,Vigente
N88,,degree Fahrenheit hour square foot per British thermal unit (international table) inch,Unit of specific thermal resistance according to the Imperial system of units.,ºF·h·ft²/(BtuIT·in),"6,933 472 K x m/W",2.0,2.0,Vigente
N89,,degree Fahrenheit hour square foot per British thermal unit (thermochemical) inch,Unit of specific thermal resistance according to the Imperial system of units.,ºF·h·ft²/(Btuth·in),"6,938 112 K x m/W",2.0,2.0,Vigente
N90,,kilofarad,1000-fold of the derived SI unit farad.,kF,10³ F,1M,Normativa - múltiplos de uso común,Vigente
N91,,reciprocal joule,Reciprocal of the derived SI unit joule.,1/J,1/J,1.0,1.0,Vigente
N92,,picosiemens,"0,000 000 000 001-fold of the derived SI unit siemens.",pS,10⁻¹² S,1M,Normativa - múltiplos de uso común,Vigente
N93,,ampere per pascal,SI base unit ampere divided by the derived SI unit pascal.,A/Pa,kg⁻¹ x m x s² x A,1M,Normativa - múltiplos de uso común,Vigente
N94,,franklin,"CGS (Centimetre-Gram-Second system) unit of the electrical charge, where the charge amounts to exactly 1 Fr where the force of 1 dyn on an equal load is performed at a distance of 1 cm.",Fr,"3,335 641 x 10⁻¹⁰ C",2.0,2.0,Vigente
N95,,ampere minute,A unit of electric charge defining the amount of charge accumulated by a steady flow of one ampere for one minute..,A·min,60 C,1M,Normativa - múltiplos de uso común,Vigente
N96,,biot,CGS (Centimetre-Gram-Second system) unit of the electric power which is defined by a force of 2 dyn per cm between two parallel conductors of infinite length with negligible cross-section in the distance of 1 cm.,Bi,10¹ A,2.0,2.0,Vigente
N97,,gilbert,"CGS (Centimetre-Gram-Second system) unit of the magnetomotive force, which is defined by the work to increase the magnetic potential of a positive common pol with 1 erg.",Gi,"7,957 747 x 10⁻¹ A",2.0,2.0,Vigente
N98,,volt per pascal,Derived SI unit volt divided by the derived SI unit pascal.,V/Pa,m³ x s⁻¹ x A⁻¹,1M,Normativa - múltiplos de uso común,Vigente
N99,,picovolt,"0,000 000 000 001-fold of the derived SI unit volt.",pV,10⁻¹² V,1M,Normativa - múltiplos de uso común,Vigente
NA,,milligram per kilogram,,mg/kg,10⁻⁶  1,1S,Normativa - múltiplos estándar,Vigente
NAR,,number of articles,A unit of count defining the number of articles (article: item).,,,3.7,Informativa - enteros / números / razones,Vigente
NB,,barge,,,,3.4,Informativa - unidades de envío y transporte,Eliminado de la Rec. 20
NBB,,number of bobbins,,,,3.7,Informativa - enteros / números / razones,Eliminado de la Rec. 20
NC,,car,,,,3.5,Informativa - unidades específicas de industria,Eliminado de la Rec. 20
NCL,,number of cells,"A unit of count defining the number of cells (cell: an enclosed or circumscribed space, cavity, or volume).",,,3.7,Informativa - enteros / números / razones,Vigente
ND,,net barrel,,,,3.1,Informativa - unidades base calificadas (niveles 1 y 2),Eliminado de la Rec. 20
NE,,net litre,,,,3.1,Informativa - unidades base calificadas (niveles 1 y 2),Eliminado de la Rec. 20
NEW,newton,newton,,N,(kg x m)/s²,1,Normativa (SI),Vigente
NF,,message,A unit of count defining the number of messages.,,,3.9,Informativa - varias,Vigente
NG,,net gallon (us),,,,3.1,Informativa - unidades base calificadas (niveles 1 y 2),Eliminado de la Rec. 20
NH,,message hour,,,,3.5,Informativa - unidades específicas de industria,Eliminado de la Rec. 20
NI,,net imperial gallon,,,,3.1,Informativa - unidades base calificadas (niveles 1 y 2),Eliminado de la Rec. 20
NIL,,nil,A unit of count defining the number of instances of nothing.,(),,3.8,Informativa - múltiplos / fracciones / decimales,Vigente
NIU,número de unidades internacionales,number of international units,A unit of count defining the number of international units.,,,3.7,Informativa - enteros / números / razones,Vigente
NJ,,number of screens,,,,3.7,Informativa - enteros / números / razones,Eliminado de la Rec. 20
NL,,load,A unit of volume defining the number of loads (load: a quantity of items carried or processed at one time).,,,3.4,Informativa - unidades de envío y transporte,Vigente
NM3,,Normalised cubic metre,Normalised cubic metre (temperature 0°C and pressure 1013.25 millibars ),,m3,2,"Equivalente normativa (no SI: UK, US, etc.)",Vigente
NMI,milla náutica,nautical mile,,n mile,1 852 m,1,Normativa (SI),Vigente
NMP,,number of packs,A unit of count defining the number of packs (pack: a collection of objects packaged together).,,,3.7,Informativa - enteros / números / razones,Vigente
NN,,train,,,,3.5,Informativa - unidades específicas de industria,Eliminado de la Rec. 20
NPL,,number of parcels,,,,3.7,Informativa - enteros / números / razones,Eliminado de la Rec. 20
NPR,número de pares,number of pairs,A unit of count defining the number of pairs (pair: item described by two's).,,use pair,3.7,Informativa - enteros / números / razones,Obsoleto (deprecated)
NPT,,number of parts,A unit of count defining the number of parts (part: component of a larger entity).,,,3.7,Informativa - enteros / números / razones,Vigente
NQ,,mho,,,S,2,"Equivalente normativa (no SI: UK, US, etc.)",Obsoleto (deprecated)
NR,,micromho,,,10⁻⁶ S,2,"Equivalente normativa (no SI: UK, US, etc.)",Obsoleto (deprecated)
NRL,,number of rolls,"Use UN/ECE Recommendation 21 (refer to Note 2 in the spreadsheet introduction, 1st sheet).",,,3.7,Informativa - enteros / números / razones,Eliminado de la Rec. 20
NT,,net ton,"A unit of mass equal to 2000 pounds, see ton (US).  Refer International Convention on tonnage measurement of Ships.",,,3.4,Informativa - unidades de envío y transporte,Vigente
NTT,,net register ton,"A unit of mass equal to the total cubic footage after deductions, where 1 register ton is equal to 100 cubic feet. Refer International Convention on tonnage measurement of Ships.",,,3.4,Informativa - unidades de envío y transporte,Obsoleto (deprecated)
NTU,,Nephelometric turbidity unit,Nephelometric turbidity unit (NTU) is used for water turbidity level evaluation,NTU,,3.5,Informativa - unidades específicas de industria,Vigente
NU,,newton metre,,N·m,N x m,1,Normativa (SI),Vigente
NV,,vehicle,,,,3.4,Informativa - unidades de envío y transporte,Eliminado de la Rec. 20
NX,partes por mil,part per thousand,"A unit of proportion equal to 10⁻³. ,Synonym: per mille",‰,1 x 10⁻³,3.7,Informativa - enteros / números / razones,Vigente
NY,,pound per air dry metric ton,,,,3.5,Informativa - unidades específicas de industria,Eliminado de la Rec. 20
OA,,panel,"A unit of count defining the number of panels (panel: a distinct, usually rectangular, section of a surface).",,,3.9,Informativa - varias,Vigente
ODE,,ozone depletion equivalent,"A unit of mass defining the ozone depletion potential in kilograms of a product relative to the calculated depletion for the reference substance, Trichlorofluoromethane (CFC-11).",,,3.1,Informativa - unidades base calificadas (niveles 1 y 2),Vigente
ODG,,ODS Grams,"A unit of measure calculated by multiplying the mass of the substance in grams and the ozone-depleting potential for the substance.,",,,3.1,Informativa - unidades base calificadas (niveles 1 y 2),Vigente
ODK,,ODS Kilograms,A unit of measure calculated by multiplying the mass of the substance in kilograms and the ozone-depleting potential for the substance.,,,3.1,Informativa - unidades base calificadas (niveles 1 y 2),Vigente
ODM,,ODS Milligrams,A unit of measure calculated by multiplying the mass of the substance in milligrams and the ozone-depleting potential for the substance.,,,3.1,Informativa - unidades base calificadas (niveles 1 y 2),Vigente
OHM,ohmio,ohm,,Ω,Ω,1,Normativa (SI),Vigente
ON,,ounce per square yard,,oz/yd²,"3,390 575 x 10⁻² kg/m²",2,"Equivalente normativa (no SI: UK, US, etc.)",Vigente
ONZ,onza,ounce (avoirdupois),,oz,"2,834 952 x 10⁻² kg",2,"Equivalente normativa (no SI: UK, US, etc.)",Vigente
OP,,two pack,,,,3.2,Informativa - unidades de venta,Eliminado de la Rec. 20
OPM,,oscillations per minute,The number of oscillations per minute.,o/min,1.667 x 10-2 /s,2,"Equivalente normativa (no SI: UK, US, etc.)",Vigente
OT,,overtime hour,A unit of time defining the number of overtime hours.,,,3.1,Informativa - unidades base calificadas (niveles 1 y 2),Vigente
OZ,,ounce av,A unit of measure equal to 1/16 of a pound or about 28.3495 grams (av = avoirdupois). Use ounce (common code ONZ).,,,3.1,Informativa - unidades base calificadas (niveles 1 y 2),Obsoleto (deprecated)
OZA,onza líquida (EE.UU.),fluid ounce (US),,fl oz (US),"2,957 353 x 10⁻⁵ m³",2,"Equivalente normativa (no SI: UK, US, etc.)",Vigente
OZI,onza líquida (Reino Unido),fluid ounce (UK),,fl oz (UK),"2,841 306 x 10⁻⁵ m³",2,"Equivalente normativa (no SI: UK, US, etc.)",Vigente
P0,,page - electronic,,,,3.9,Informativa - varias,Eliminado de la Rec. 20
P1,por ciento,percent,A unit of proportion equal to 0.01.,% or pct,1 x 10⁻²,3.7,Informativa - enteros / números / razones,Vigente
P10,,coulomb per metre,Derived SI unit coulomb divided by the SI base unit metre.,C/m,m⁻¹ x s x A,1.0,1.0,Vigente
P11,,kiloweber,1000 fold of the derived SI unit weber.,kWb,10³ Wb,1M,Normativa - múltiplos de uso común,Vigente
P12,,gamma,Unit of magnetic flow density.,γ,10⁻⁹ T,2.0,2.0,Vigente
P13,,kilotesla,1000-fold of the derived SI unit tesla.,kT,10³ T,1M,Normativa - múltiplos de uso común,Vigente
P14,,joule per second,Quotient of the derived SI unit joule divided by the SI base unit second.,J/s,W,1.0,1.0,Vigente
P15,,joule per minute,Quotient from the derived SI unit joule divided by the unit minute.,J/min,"1,666 67 × 10⁻² W",1M,Normativa - múltiplos de uso común,Vigente
P16,,joule per hour,Quotient from the derived SI unit joule divided by the unit hour.,J/h,"2,777 78 × 10⁻⁴ W",1M,Normativa - múltiplos de uso común,Vigente
P17,,joule per day,Quotient from the derived SI unit joule divided by the unit day.,J/d,"1,157 41 × 10⁻⁵ W",1M,Normativa - múltiplos de uso común,Vigente
P18,,kilojoule per second,Quotient from the 1000-fold of the derived SI unit joule divided by the SI base unit second.,kJ/s,10³ W,1M,Normativa - múltiplos de uso común,Vigente
P19,,kilojoule per minute,Quotient from the 1000-fold of the derived SI unit joule divided by the unit minute.,kJ/min,"1,666 67 × 10 W",1M,Normativa - múltiplos de uso común,Vigente
P2,,pound per foot,,lb/ft,"1,488 164 kg/m",2,"Equivalente normativa (no SI: UK, US, etc.)",Vigente
P20,,kilojoule per hour,Quotient from the 1000-fold of the derived SI unit joule divided by the unit hour.,kJ/h,"2,777 78 x 10⁻¹ W",1M,Normativa - múltiplos de uso común,Vigente
P21,,kilojoule per day,Quotient from the 1000-fold of the derived SI unit joule divided by the unit day.,kJ/d,"1,157 41 x 10⁻² W",1M,Normativa - múltiplos de uso común,Vigente
P22,,nanoohm,"0,000 000 001-fold of the derived SI unit ohm.",nΩ,10⁻⁹ Ω,1M,Normativa - múltiplos de uso común,Vigente
P23,,ohm circular-mil per foot,Unit of resistivity.,Ω·cmil/ft ,"1,662 426 x 10⁻⁹ Ω x m",2.0,2.0,Vigente
P24,,kilohenry,1000-fold of the derived SI unit henry.,kH,10³ H,1M,Normativa - múltiplos de uso común,Vigente
P25,,lumen per square foot,Derived SI unit lumen divided by the power of the unit foot according to the Anglo-American and Imperial system of units by exponent 2.,lm/ft²,"1,076 391 x 10¹ cd x sr / m²",2.0,2.0,Vigente
P26,,phot,"CGS (Centimetre-Gram-Second system) unit of luminance, defined as lumen by square centimetre.",ph,10⁴ cd x sr / m²,2.0,2.0,Vigente
P27,,footcandle,"Non SI conform traditional unit, defined as density of light which impinges on a surface which has a distance of one foot from a light source, which shines with an intensity of an international candle.",ftc,"1,076 391 x 10¹ cd x sr / m²",2.0,2.0,Vigente
P28,,candela per square inch,SI base unit candela divided by the power of unit inch according to the Anglo-American and Imperial system of units by exponent 2.,cd/in²,"1,550 003 x 10³ cd/m²",2.0,2.0,Vigente
P29,,footlambert,"Unit of the luminance according to the Anglo-American system of units, defined as emitted or reflected luminance of a lm/ft².",ftL,"3,426 259 cd/m²",2.0,2.0,Vigente
P3,,three pack,,,,3.2,Informativa - unidades de venta,Eliminado de la Rec. 20
P30,,lambert,"CGS (Centimetre-Gram-Second system) unit of luminance, defined as the emitted or reflected luminance by one lumen per square centimetre.",Lb,"3,183 099 x 10³ cd/m²",2.0,2.0,Vigente
P31,,stilb,"CGS (Centimetre-Gram-Second system) unit of luminance, defined as emitted or reflected luminance by one lumen per square centimetre.",sb,10⁴ cd/m²,2.0,2.0,Vigente
P32,,candela per square foot,Base unit SI candela divided by the power of the unit foot according to the Anglo-American and Imperial system of units by exponent 2.,cd/ft²,"1,076 391 x 10 cd/m²",2.0,2.0,Vigente
P33,,kilocandela,1000-fold of the SI base unit candela.,kcd,10³ cd,1M,Normativa - múltiplos de uso común,Vigente
P34,,millicandela,"0,001-fold of the SI base unit candela.",mcd,10⁻³ cd,1M,Normativa - múltiplos de uso común,Vigente
P35,,Hefner-Kerze,"Obsolete, non-legal unit of the power in Germany relating to DIN 1301-3:1979: 1 HK = 0,903 cd.",HK,"0,903 cd",2.0,2.0,Vigente
P36,,international candle,"Obsolete, non-legal unit of the power in Germany relating to DIN 1301-3:1979: 1 HK = 1,019 cd.",IK,"1,019 cd",2.0,2.0,Vigente
P37,,British thermal unit (international table) per square foot,Unit of the areal-related energy transmission according to the Imperial system of units.,BtuIT/ft²,"1,135 653 x 10⁴ J/m²",2.0,2.0,Vigente
P38,,British thermal unit (thermochemical) per square foot,Unit of the areal-related energy transmission according to the Imperial system of units.,Btuth/ft²,"1,134 893 x 10⁴ J/m²",2.0,2.0,Vigente
P39,,calorie (thermochemical) per square centimetre,Unit of the areal-related energy transmission according to the Imperial system of units.,calth/cm²,"4,184 x 10⁴ J/m²",2.0,2.0,Vigente
P4,,four pack,,,,3.2,Informativa - unidades de venta,Eliminado de la Rec. 20
P40,,langley,CGS (Centimetre-Gram-Second system) unit of the areal-related energy transmission (as a measure of the incident quantity of heat of solar radiation on the earth's surface).,Ly,"4,184 x 10⁴ J/m²",2.0,2.0,Vigente
P41,,decade (logarithmic),"1 Dec := log2 10 ˜ 3,32 according to the logarithm for frequency range between f1 and f2, when f2/f1 = 10.",dec,dec,2,"Equivalente normativa (no SI: UK, US, etc.)",Vigente
P42,,pascal squared second,Unit of the set as a product of the power of derived SI unit pascal with exponent 2 and the SI base unit second.,Pa²·s,m⁻² x kg² x s⁻³,1.0,1.0,Vigente
P43,,bel per metre,Unit bel divided by the SI base unit metre.,B/m,B/m,1M,Normativa - múltiplos de uso común,Vigente
P44,,pound mole,Non SI-conforming unit of quantity of a substance relating that one pound mole of a chemical composition corresponds to the same number of pounds as the molecular weight of one molecule of this composition in atomic mass units.,lbmol,"453,592 4 mol",2.0,2.0,Vigente
P45,,pound mole per second,Non SI-conforming unit of the power of the amount of substance non-SI compliant unit of the molar flux relating that a pound mole of a chemical composition the same number of pound corresponds like the molecular weight of a molecule of this composition in atomic mass units.,lbmol/s,"4,535 924 x 10² mol/s",2.0,2.0,Vigente
P46,,pound mole per minute,Non SI-conforming unit of the power of the amount of substance non-SI compliant unit of the molar flux relating that a pound mole of a chemical composition the same number of pound corresponds like the molecular weight of a molecule of this composition in atomic mass units.,lbmol/h,"7,559 873 mol/s",2.0,2.0,Vigente
P47,,kilomole per kilogram,1000-fold of the SI base unit mol divided by the SI base unit kilogram.,kmol/kg,10³ mol/kg,1M,Normativa - múltiplos de uso común,Vigente
P48,,pound mole per pound,Non SI-conforming unit of the material molar flux divided by the avoirdupois pound for mass according to the avoirdupois unit system.,lbmol/lb,10³ mol/kg,2.0,2.0,Vigente
P49,,newton square metre per ampere,Product of the derived SI unit newton and the power of SI base unit metre with exponent 2 divided by the SI base unit ampere.,N·m²/A,m³ x kg x s⁻²  x A⁻¹,1S,Normativa - múltiplos estándar,Vigente
P5,,five pack,A unit of count defining the number of five-packs (five-pack: set of five items packaged together).,,,3.2,Informativa - unidades de venta,Vigente
P50,,weber metre,Product of the derived SI unit weber and SI base unit metre.,Wb·m,m³ x kg x s⁻²  x A⁻¹,1S,Normativa - múltiplos estándar,Vigente
P51,,mol per kilogram pascal,SI base unit mol divided by the product of the SI base unit kilogram and the derived SI unit pascal.,(mol/kg)/Pa,m x kg⁻² x s² x mol,1S,Normativa - múltiplos estándar,Vigente
P52,,mol per cubic metre pascal,SI base unit mol divided by the product of the power from the SI base unit metre with exponent 3 and the derived SI unit pascal.,(mol/m³)/Pa,m⁻² x kg⁻¹ x s² x mol,1S,Normativa - múltiplos estándar,Vigente
P53,,unit pole,CGS (Centimetre-Gram-Second system) unit for magnetic flux of a magnetic pole (according to the interaction of identical poles of 1 dyn at a distance of a cm).,unit pole ,"1,256 637 x 10⁻⁷ Wb",2.0,2.0,Vigente
P54,,milligray per second,"0,001-fold of the derived SI unit gray divided by the SI base unit second.",mGy/s,10⁻³ Gy/s,1M,Normativa - múltiplos de uso común,Vigente
P55,,microgray per second,"0,000 001-fold of the derived SI unit gray divided by the SI base unit second.",µGy/s,10⁻⁶ Gy/s,1M,Normativa - múltiplos de uso común,Vigente
P56,,nanogray per second,"0,000 000 001-fold of the derived SI unit gray divided by the SI base unit second.",nGy/s,10⁻⁹ Gy/s,1M,Normativa - múltiplos de uso común,Vigente
P57,,gray per minute,SI derived unit gray divided by the unit minute.,Gy/min,"1,666 67 × 10⁻² Gy/s",1M,Normativa - múltiplos de uso común,Vigente
P58,,milligray per minute,"0,001-fold of the derived SI unit gray divided by the unit minute.",mGy/min,"1,666 67 × 10⁻⁵ Gy/s",1M,Normativa - múltiplos de uso común,Vigente
P59,,microgray per minute,"0,000 001-fold of the derived SI unit gray divided by the unit minute.",µGy/min,"1,666 67 × 10⁻⁸ Gy/s",1M,Normativa - múltiplos de uso común,Vigente
P6,,six pack,,,,3.2,Informativa - unidades de venta,Eliminado de la Rec. 20
P60,,nanogray per minute,"0,000 000 001-fold of the derived SI unit gray divided by the unit minute.",nGy/min,"1,666 67 × 10⁻¹¹ Gy/s",1M,Normativa - múltiplos de uso común,Vigente
P61,,gray per hour,SI derived unit gray divided by the unit hour.,Gy/h,"2,777 78 × 10⁻⁴ Gy/s",1M,Normativa - múltiplos de uso común,Vigente
P62,,milligray per hour,"0,001-fold of the derived SI unit gray divided by the unit hour.",mGy/h,"2,777 78 × 10⁻⁷ Gy/s",1M,Normativa - múltiplos de uso común,Vigente
P63,,microgray per hour,"0,000 001-fold of the derived SI unit gray divided by the unit hour.",µGy/h,"2,777 78 × 10⁻¹⁰ Gy/s",1M,Normativa - múltiplos de uso común,Vigente
P64,,nanogray per hour,"0,000 000 001-fold of the derived SI unit gray divided by the unit hour.",nGy/h,"2,777 78 × 10⁻¹³ Gy/s",1M,Normativa - múltiplos de uso común,Vigente
P65,,sievert per second,Derived SI unit sievert divided by the SI base unit second.,Sv/s,Sv/s,2.0,2.0,Vigente
P66,,millisievert per second,"0,001-fold of the derived SI unit sievert divided by the SI base unit second.",mSv/s,10⁻³ Sv/s,2.0,2.0,Vigente
P67,,microsievert per second,"0,000 001-fold of the derived SI unit sievert divided by the SI base unit second.",µSv/s,10⁻⁶ Sv/s,2.0,2.0,Vigente
P68,,nanosievert per second,"0,000 000 001-fold of the derived SI unit sievert divided by the SI base unit second.",nSv/s,10⁻⁹ Sv/s,2.0,2.0,Vigente
P69,,rem per second,"Unit for the equivalent tin rate relating to DIN 1301-3:1979: 1 rem/s = 0,01 J/(kg·s) = 1 Sv/s.",rem/s,10⁻² Sv/s,2.0,2.0,Vigente
P7,,seven pack,,,,3.2,Informativa - unidades de venta,Eliminado de la Rec. 20
P70,,sievert per hour,Derived SI unit sievert divided by the unit hour.,Sv/h,"2,777 78 × 10⁻⁴ Sv/s",2.0,2.0,Vigente
P71,,millisievert per hour,"0,001-fold of the derived SI unit sievert divided by the unit hour.",mSv/h,"0,277 777 778 × 10⁻⁷ Sv/s",2.0,2.0,Vigente
P72,,microsievert per hour,"0,000 001-fold of the derived SI unit sievert divided by the unit hour.",µSv/h,"0,277 777 778 × 10⁻¹⁰ Sv/s",2.0,2.0,Vigente
P73,,nanosievert per hour,"0,000 000 001-fold of the derived SI unit sievert divided by the unit hour.",nSv/h,"0,277 777 778 × 10⁻¹³ Sv/s",2.0,2.0,Vigente
P74,,sievert per minute,Derived SI unit sievert divided by the unit minute.,Sv/min,"0,016 666 Sv/s",2.0,2.0,Vigente
P75,,millisievert per minute,"0,001-fold of the derived SI unit sievert divided by the unit minute.",mSv/min,"1,666 666 667 × 10⁻⁵ Sv/s",2.0,2.0,Vigente
P76,,microsievert per minute,"0,000 001-fold of the derived SI unit sievert divided by the unit minute.",µSv/min,"1,666 666 667 × 10⁻⁸ Sv/s",2.0,2.0,Vigente
P77,,nanosievert per minute,"0,000 000 001-fold of the derived SI unit sievert divided by the unit minute.",nSv/min,"1,666 666 667 × 10⁻¹¹ Sv/s",2.0,2.0,Vigente
P78,,reciprocal square inch,Complement of the power of the unit inch according to the Anglo-American and Imperial system of units by exponent 2.,1/in²,"1,550 003 x 10³ m⁻²",2.0,2.0,Vigente
P79,,pascal square metre per kilogram,"Unit of the burst index as derived unit for pressure pascal related to the substance, represented as a quotient from the SI base unit kilogram divided by the power of the SI base unit metre by exponent 2.",Pa/(kg/m²),m/s²,1.0,1.0,Vigente
P8,,eight pack,,,,3.2,Informativa - unidades de venta,Eliminado de la Rec. 20
P80,,millipascal per metre,"0,001-fold of the derived SI unit pascal divided by the SI base unit metre.",mPa/m,10⁻³ kg/(m² x s²),1M,Normativa - múltiplos de uso común,Vigente
P81,,kilopascal per metre,1000-fold of the derived SI unit pascal divided by the SI base unit metre.,kPa/m,10³ kg/(m² x s²),1M,Normativa - múltiplos de uso común,Vigente
P82,,hectopascal per metre,100-fold of the derived SI unit pascal divided by the SI base unit metre.,hPa/m,10² kg/(m² x s²),1M,Normativa - múltiplos de uso común,Vigente
P83,,standard atmosphere per metre,Outdated unit of the pressure divided by the SI base unit metre.,Atm/m,"1,013 25 x 10⁵ kg/(m² x s²)",2.0,2.0,Vigente
P84,,technical atmosphere per metre,Obsolete and non-legal unit of the pressure which is generated by a 10 metre water column divided by the SI base unit metre.,at/m,"9,806 65 x 10⁴  kg/(m² x s²)",2.0,2.0,Vigente
P85,,torr per metre,CGS (Centimetre-Gram-Second system) unit of the pressure divided by the SI base unit metre.,Torr/m,"1,333 224 x 10² kg/(m² x s²)",2.0,2.0,Vigente
P86,,psi per inch,Compound unit for pressure (pound-force according to the Anglo-American unit system divided by the power of the unit inch according to the Anglo-American and Imperial system of units with the exponent 2) divided by the unit inch according to the Anglo-American and Imperial system of units .,psi/in,"2,714 471 x 10⁵ kg/(m² x s²)",2.0,2.0,Vigente
P87,,cubic metre per second square metre,Unit of volume flow cubic meters by second related to the transmission surface in square metres.,(m³/s)/m²,m/s,1M,Normativa - múltiplos de uso común,Vigente
P88,,rhe,Non SI-conforming unit of fluidity of dynamic viscosity.,rhe,10 m x kg⁻¹ x s,3.5,Informativa - unidades específicas de industria,Vigente
P89,,pound-force foot per inch,Unit for length-related rotational moment according to the Anglo-American and Imperial system of units.,lbf·ft/in,"53,378 66 m x kg / s²",3.5,Informativa - unidades específicas de industria,Vigente
P9,,nine pack,,,,3.2,Informativa - unidades de venta,Eliminado de la Rec. 20
P90,,pound-force inch per inch,Unit for length-related rotational moment according to the Anglo-American and Imperial system of units.,lbf·in/in,"4,448 222 m x kg / s²",3.5,Informativa - unidades específicas de industria,Vigente
P91,,perm (0 ºC),"Traditional unit for the ability of a material to allow the transition of the steam, defined at a temperature of 0 °C as steam transmittance, where the mass of one grain steam penetrates an area of one foot squared at a pressure from one inch mercury per hour.",perm (0 ºC) ,"5,721 35 x 10⁻¹¹ kg/(m² x Pa x s)",3.5,Informativa - unidades específicas de industria,Vigente
P92,,perm (23 ºC),"Traditional unit for the ability of a material to allow the transition of the steam, defined at a temperature of 23 °C as steam transmittance at which the mass of one grain of steam penetrates an area of one square foot at a pressure of one inch mercury per hour.",perm (23 ºC) ,"5,745 25 x 10⁻¹¹ kg/(m² x Pa x s)",3.5,Informativa - unidades específicas de industria,Vigente
P93,,byte per second,Unit byte divided by the SI base unit second.,byte/s,byte/s,3.6,Informativa - unidades de tecnología de la información,Vigente
P94,,kilobyte per second,1000-fold of the unit byte divided by the SI base unit second.,kbyte/s,10³ byte/s,3.6,Informativa - unidades de tecnología de la información,Vigente
P95,,megabyte per second,1 000 000-fold of the unit byte divided by the SI base unit second.,Mbyte/s,10⁶ byte/s,3.6,Informativa - unidades de tecnología de la información,Vigente
P96,,reciprocal volt,Reciprocal of the derived SI unit volt.,1/V,m⁻² x kg⁻¹ x s³ x A,3.5,Informativa - unidades específicas de industria,Vigente
P97,,reciprocal radian,Reciprocal of the unit radian.,1/rad,1/rad,3.5,Informativa - unidades específicas de industria,Vigente
P98,,pascal to the power sum of stoichiometric numbers,"Unit of the equilibrium constant on the basis of the pressure(ISO 80000-9:2009, 9-35.a).",PaΣνB,,3.5,Informativa - unidades específicas de industria,Vigente
P99,,mole per cubiv metre to the power sum of stoichiometric numbers,"Unit of the equilibrium constant on the basis of the concentration (ISO 80000-9:2009, 9-36.a).",(mol/m³)∑νB,,3.5,Informativa - unidades específicas de industria,Vigente
PA,paquete,packet,"Use UN/ECE Recommendation 21 (refer to Note 2 in the spreadsheet introduction, 1st sheet).",,,3.3,Informativa - unidades de embalaje,Eliminado de la Rec. 20
PAL,pascal,pascal,,Pa,Pa,1,Normativa (SI),Vigente
PB,,pair inch,,,,3.8,Informativa - múltiplos / fracciones / decimales,Eliminado de la Rec. 20
PD,,pad,A unit of count defining the number of pads (pad: block of paper sheets fastened together at one end).,,,3.9,Informativa - varias,Vigente
PE,,pound equivalent,,,,3.1,Informativa - unidades base calificadas (niveles 1 y 2),Eliminado de la Rec. 20
PF,,pallet (lift),"Use UN/ECE Recommendation 21 (refer to Note 2 in the spreadsheet introduction, 1st sheet).",,,3.3,Informativa - unidades de embalaje,Eliminado de la Rec. 20
PFL,,proof litre,"A unit of volume equal to one litre of proof spirits, or the alcohol equivalent thereof. Used for measuring the strength of distilled alcoholic liquors, expressed as a percentage of the alcohol content of a standard mixture at a specific temperature.",,,3.1,Informativa - unidades base calificadas (niveles 1 y 2),Vigente
PG,placa,plate,"Use UN/ECE Recommendation 21 (refer to Note 2 in the spreadsheet introduction, 1st sheet).",,,3.3,Informativa - unidades de embalaje,Eliminado de la Rec. 20
PGL,,proof gallon,"A unit of volume equal to one gallon of proof spirits, or the alcohol equivalent thereof. Used for measuring the strength of distilled alcoholic liquors, expressed as a percentage of the alcohol content of a standard mixture at a specific temperature.",,,3.1,Informativa - unidades base calificadas (niveles 1 y 2),Vigente
PI,,pitch,A unit of count defining the number of characters that fit in a horizontal inch.,,,3.5,Informativa - unidades específicas de industria,Vigente
PK,paquete (pack),pack,"Use UN/ECE Recommendation 21 (refer to Note 2 in the spreadsheet introduction, 1st sheet).,Synonym: package",,,3.3,Informativa - unidades de embalaje,Eliminado de la Rec. 20
PL,cubeta,pail,"Use UN/ECE Recommendation 21 (refer to Note 2 in the spreadsheet introduction, 1st sheet).",,,3.3,Informativa - unidades de embalaje,Eliminado de la Rec. 20
PLA,,degree Plato,"A unit of proportion defining the sugar content of a product, especially in relation to beer.",°P,,3.5,Informativa - unidades específicas de industria,Vigente
PM,,pound percentage,,,,3.1,Informativa - unidades base calificadas (niveles 1 y 2),Eliminado de la Rec. 20
PN,,pound net,,,,3.1,Informativa - unidades base calificadas (niveles 1 y 2),Eliminado de la Rec. 20
PO,,pound per inch of length,,lb/in,"1,785 797 x 10¹ kg/m",2,"Equivalente normativa (no SI: UK, US, etc.)",Vigente
PQ,,page per inch,"A unit of quantity defining the degree of thickness of a bound publication, expressed as the number of pages per inch of thickness.",ppi,,3.5,Informativa - unidades específicas de industria,Vigente
PR,par,pair,A unit of count defining the number of pairs (pair: item described by two's).,,2,3.7,Informativa - enteros / números / razones,Vigente
PS,,pound-force per square inch,,lbf/in²,"6,894 757 x 10³ Pa",2,"Equivalente normativa (no SI: UK, US, etc.)",Vigente
PT,pinta (EE.UU.),pint (US),Use liquid pint (common code PTL),pt (US),"4, 731 76 x 10⁻⁴ m³",2,"Equivalente normativa (no SI: UK, US, etc.)",Obsoleto (deprecated)
PTD,,dry pint (US),,dry pt (US),"5,506 105 x 10⁻⁴ m³",2,"Equivalente normativa (no SI: UK, US, etc.)",Vigente
PTI,pinta (Reino Unido),pint (UK),,pt (UK),"5, 682 61 x 10⁻⁴ m³",2,"Equivalente normativa (no SI: UK, US, etc.)",Vigente
PTL,,liquid pint (US),,liq pt (US),"4, 731 765 x 10⁻⁴ m³",2,"Equivalente normativa (no SI: UK, US, etc.)",Vigente
PTN,,portion,"A quantity of allowance of food allotted to, or enough for, one person.",PTN,,3.5,Informativa - unidades específicas de industria,Vigente
PU,,tray / tray pack,"Use UN/ECE Recommendation 21 (refer to Note 2 in the spreadsheet introduction, 1st sheet).",,,3.3,Informativa - unidades de embalaje,Eliminado de la Rec. 20
PV,,half pint (US),,,,3.8,Informativa - múltiplos / fracciones / decimales,Eliminado de la Rec. 20
PW,,pound per inch of width,,,,3.1,Informativa - unidades base calificadas (niveles 1 y 2),Eliminado de la Rec. 20
PY,,peck dry (US),,,,3.5,Informativa - unidades específicas de industria,Eliminado de la Rec. 20
PZ,,peck dry (UK),,,,3.5,Informativa - unidades específicas de industria,Eliminado de la Rec. 20
Q10,,joule per tesla,Unit of the magnetic dipole moment of the molecule as derived SI unit joule divided by the derived SI unit tesla.,J/T,m² x A,3.5,Informativa - unidades específicas de industria,Vigente
Q11,,erlang,Unit of the market value according to the feature of a single feature as a statistical measurement of the existing utilization.,E,1 E,3.6,Informativa - unidades de tecnología de la información,Vigente
Q12,,octet,Synonym for byte: 1 octet = 8 bit = 1 byte.,o,8 bit,3.6,Informativa - unidades de tecnología de la información,Vigente
Q13,,octet per second,Unit octet divided by the SI base unit second.,o/s,8 bit/s,3.6,Informativa - unidades de tecnología de la información,Vigente
Q14,,shannon,"Logarithmic unit for information equal to the content of decision of a sentence of two mutually exclusive events, expressed as a logarithm to base 2.",Sh,,3.6,Informativa - unidades de tecnología de la información,Vigente
Q15,,hartley,"Logarithmic unit for information equal to the content of decision of a sentence of ten mutually exclusive events, expressed as a logarithm to base 10.",Hart,,3.6,Informativa - unidades de tecnología de la información,Vigente
Q16,,natural unit of information,"Logarithmic unit for information equal to the content of decision of a sentence of ,718 281 828 459 mutually exclusive events, expressed as a logarithm to base Euler value e.",nat,nat,3.6,Informativa - unidades de tecnología de la información,Vigente
Q17,,shannon per second,"Time related logarithmic unit for information equal to the content of decision of a sentence of two mutually exclusive events, expressed as a logarithm to base 2.",Sh/s,Sh/s,3.6,Informativa - unidades de tecnología de la información,Vigente
Q18,,hartley per second,"Time related logarithmic unit for information equal to the content of decision of a sentence of ten mutually exclusive events, expressed as a logarithm to base 10.",Hart/s,Hart/s,3.6,Informativa - unidades de tecnología de la información,Vigente
Q19,,natural unit of information per second,"Time related logarithmic unit for information equal to the content of decision of a sentence of 2,718 281 828 459 mutually exclusive events, expressed as a logarithm to base of the Euler value e.",nat/s,nat/s,3.6,Informativa - unidades de tecnología de la información,Vigente
Q20,,second per kilogramm,"Unit of the Einstein transition probability for spontaneous or inducing emissions and absorption according to ISO 80000-7:2008, expressed as SI base unit second divided by the SI base unit kilogram.",s/kg,kg⁻¹ x s,3.5,Informativa - unidades específicas de industria,Vigente
Q21,,watt square metre,"Unit of the first radiation constants c1 = 2·p·h·c0², the value of which is 3,741 771 18·10?¹6-fold   that of the comparative value of the product of the derived SI unit watt multiplied with the power of the SI base unit metre with the exponent 2.",W·m²,m⁴ x kg x s⁻³,3.5,Informativa - unidades específicas de industria,Vigente
Q22,,second per radian cubic metre,Unit of the density of states as an expression of angular frequency as complement of the product of hertz and radiant and the power of SI base unit metre by exponent 3 .,1/(Hz·rad·m³),m⁻³ x s x rad⁻¹,3.5,Informativa - unidades específicas de industria,Vigente
Q23,,weber to the power minus one,"Complement of the derived SI unit weber as unit of the Josephson constant, which value is equal to the 384 597,891-fold of the reference value gigahertz divided by volt.",1/Wb,m⁻² x kg⁻¹ x s² x A,3.5,Informativa - unidades específicas de industria,Vigente
Q24,,reciprocal inch,Complement of the unit inch according to the Anglo-American and Imperial system of units.,1/in,"39,370 08 m⁻¹",3.5,Informativa - unidades específicas de industria,Vigente
Q25,,dioptre,Unit used at the statement of relative refractive indexes of optical systems as complement of the focal length with correspondence to: 1 dpt = 1/m.,dpt,m⁻¹,3.5,Informativa - unidades específicas de industria,Vigente
Q26,,one per one,Value of the quotient from two physical units of the same kind as a numerator and denominator whereas the units are shortened mutually.,1/1,1/1,3.5,Informativa - unidades específicas de industria,Vigente
Q27,,newton metre per metre,Unit for length-related rotational moment as product of the derived SI unit newton and the SI base unit metre divided by the SI base unit metre.,N·m/m²,m x kg x s⁻²,3.5,Informativa - unidades específicas de industria,Vigente
Q28,,kilogram per square metre pascal second,Unit for the ability of a material to allow the transition of steam.,kg/(m²·Pa·s),kg/(m² x Pa x s),3.5,Informativa - unidades específicas de industria,Vigente
Q29,,microgram per hectogram,Microgram per hectogram.,µg/hg,10⁻8,1S,Normativa - múltiplos estándar,Vigente
Q3,,meal,A unit of count defining the number of meals (meal: an amount of food to be eaten on a single occasion).,,,3.9,Informativa - varias,Vigente
Q30,,pH (potential of Hydrogen),The activity of the (solvated) hydrogen ion (a logarithmic measure used to state the acidity or alkalinity of a chemical solution).,pH,-log10(mol/l),2,"Equivalente normativa (no SI: UK, US, etc.)",Vigente
Q31,,kilojoule per gram,,kJ/g,10⁶ J/kg,1S,Normativa - múltiplos estándar,Vigente
Q32,,femtolitre,,fl,10-18 m3,1S,Normativa - múltiplos estándar,Vigente
Q33,,picolitre,,pl,10-15 m3,1S,Normativa - múltiplos estándar,Vigente
Q34,,nanolitre,,nl,10-12 m3,1S,Normativa - múltiplos estándar,Vigente
Q35,,megawatts per minute,A unit of power defining the total amount of bulk energy transferred or consumer per minute.,MW/min,1.667 × 104 W/s,1M,Normativa - múltiplos de uso común,Vigente
Q36,,square metre per cubic metre,A unit of the amount of surface area per unit volume of an object or collection of objects.,m2/m3,1 m2/m3,3.1,Informativa - unidades base calificadas (niveles 1 y 2),Vigente
Q37,,Standard cubic metre per day,Standard cubic metre (temperature 15°C and pressure 1013.25 millibars ) per day,,1.15741 × 10-5 m3/s,2.0,2.0,Vigente
Q38,,Standard cubic metre per hour,Standard cubic metre (temperature 15°C and pressure 1013.25 millibars ) per hour,,2.77778 × 10-4 m3/s,2.0,2.0,Vigente
Q39,,Normalized cubic metre per day,Normalized cubic metre (temperature 0°C and pressure 1013.25 millibars ) per day,,1.15741 × 10-5 m3/s,2.0,2.0,Vigente
Q40,,Normalized cubic metre per hour,Normalized cubic metre (temperature 0°C and pressure 1013.25 millibars ) per hour,,2.77778 × 10-4 m3/s,2.0,2.0,Vigente
Q41,,Joule per normalised cubic metre,Joule per normalised cubic metre (temperature 0°C and pressure 1013.25 millibars).,,,2.0,2.0,Vigente
Q42,,Joule per standard cubic metre,Joule per standard cubic metre (temperature 15°C and pressure 1013.25 millibars).,,,2.0,2.0,Vigente
QA,,page - facsimile,A unit of count defining the number of facsimile pages.,,,3.5,Informativa - unidades específicas de industria,Vigente
QAN,trimestre (cuarto de año),quarter (of a year),A unit of time defining the number of quarters (3 months).,,,3.8,Informativa - múltiplos / fracciones / decimales,Vigente
QB,,page - hardcopy,"A unit of count defining the number of hardcopy pages (hardcopy page: a page rendered as printed or written output on paper, film, or other permanent medium).",,,3.5,Informativa - unidades específicas de industria,Vigente
QD,,quarter dozen,,,3,3.7,Informativa - enteros / números / razones,Eliminado de la Rec. 20
QH,,quarter hour,,,900 s,3.8,Informativa - múltiplos / fracciones / decimales,Eliminado de la Rec. 20
QK,,quarter kilogram,,,,3.8,Informativa - múltiplos / fracciones / decimales,Eliminado de la Rec. 20
QR,,quire,"A unit of count for paper, expressed as the number of quires (quire: a number of paper sheets, typically 25).",qr,,3.5,Informativa - unidades específicas de industria,Vigente
QT,cuarto de galón (EE.UU.),quart (US),Use liquid quart (common code QTL),qt (US),"0,946 352 9 x 10⁻³ m³",2,"Equivalente normativa (no SI: UK, US, etc.)",Obsoleto (deprecated)
QTD,,dry quart (US),,dry qt (US),"1,101 221 x 10⁻³ m³",2,"Equivalente normativa (no SI: UK, US, etc.)",Vigente
QTI,cuarto de galón (Reino Unido),quart (UK),,qt (UK),"1,136 522 5 x 10⁻³ m³",2,"Equivalente normativa (no SI: UK, US, etc.)",Vigente
QTL,,liquid quart (US),,liq qt (US),"9,463 529 x 10⁻⁴ m³",2,"Equivalente normativa (no SI: UK, US, etc.)",Vigente
QTR,,quarter (UK),"A traditional unit of weight equal to 1/4 hundredweight. In the United Kingdom, one quarter equals 28 pounds.",Qr (UK),"12,700 59 kg",3.5,Informativa - unidades específicas de industria,Vigente
R1,,pica,A unit of count defining the number of picas. (pica: typographical length equal to 12 points or 4.22 mm (approx.)).,,"4,217 518 x 10⁻³ m",3.5,Informativa - unidades específicas de industria,Vigente
R4,,calorie,Use International Table (IT) calorie (common code D70),cal,"4,186 8 J",3.5,Informativa - unidades específicas de industria,Eliminado de la Rec. 20
R9,,thousand cubic metre,A unit of volume equal to one thousand cubic metres.,,10³m³,3.8,Informativa - múltiplos / fracciones / decimales,Vigente
RA,,rack,,,,3.3,Informativa - unidades de embalaje,Eliminado de la Rec. 20
RD,,rod,"Use UN/ECE Recommendation 21 (refer to Note 2 in the spreadsheet introduction, 1st sheet).",,,3.3,Informativa - unidades de embalaje,Eliminado de la Rec. 20
RG,,ring,"Use UN/ECE Recommendation 21 (refer to Note 2 in the spreadsheet introduction, 1st sheet).",,,3.3,Informativa - unidades de embalaje,Eliminado de la Rec. 20
RH,,running or operating hour,A unit of time defining the number of hours of operation.,,,3.1,Informativa - unidades base calificadas (niveles 1 y 2),Vigente
RK,,roll metric measure,,,,3.3,Informativa - unidades de embalaje,Eliminado de la Rec. 20
RL,carrete,reel,"Use UN/ECE Recommendation 21 (refer to Note 2 in the spreadsheet introduction, 1st sheet).",,,3.3,Informativa - unidades de embalaje,Eliminado de la Rec. 20
RM,resma,ream,"A unit of count for paper, expressed as the number of reams (ream: a large quantity of paper sheets, typically 500).",,,3.5,Informativa - unidades específicas de industria,Vigente
RN,,ream metric measure,,,,3.5,Informativa - unidades específicas de industria,Eliminado de la Rec. 20
RO,rollo,roll,"Use UN/ECE Recommendation 21 (refer to Note 2 in the spreadsheet introduction, 1st sheet).",,,3.3,Informativa - unidades de embalaje,Eliminado de la Rec. 20
ROM,,room,A unit of count defining the number of rooms.,,,3.9,Informativa - varias,Vigente
RP,,pound per ream,"A unit of mass for paper, expressed as pounds per ream. (ream: a large quantity of paper, typically 500 sheets).",,,3.5,Informativa - unidades específicas de industria,Vigente
RPM,,revolutions per minute,Refer ISO/TC12 SI Guide,r/min,"1,67 x 10⁻²/s",1,Normativa (SI),Vigente
RPS,,revolutions per second,Refer ISO/TC12 SI Guide,r/s,1/s,1,Normativa (SI),Vigente
RS,,reset,,,,3.9,Informativa - varias,Eliminado de la Rec. 20
RT,,revenue ton mile,"A unit of information typically used for billing purposes, expressed as the number of revenue tons (revenue ton: either a metric ton or a cubic metres, whichever is the larger), moved over a distance of one mile.",,,3.4,Informativa - unidades de envío y transporte,Vigente
RU,,run,,,,3.9,Informativa - varias,Eliminado de la Rec. 20
S3,,square foot per second,Synonym: foot squared per second,ft²/s,"0,092 903 04 m²/s",2,"Equivalente normativa (no SI: UK, US, etc.)",Vigente
S4,,square metre per second,Synonym: metre squared per second (square metres/second US),m²/s,m²/s,1,Normativa (SI),Vigente
S5,,sixty fourths of an inch,,,,3.8,Informativa - múltiplos / fracciones / decimales,Eliminado de la Rec. 20
S6,,session,,,,3.9,Informativa - varias,Eliminado de la Rec. 20
S7,,storage unit,,,,3.9,Informativa - varias,Eliminado de la Rec. 20
S8,,standard advertising unit,,,,3.9,Informativa - varias,Eliminado de la Rec. 20
SA,saco,sack,"Use UN/ECE Recommendation 21 (refer to Note 2 in the spreadsheet introduction, 1st sheet).",,,3.3,Informativa - unidades de embalaje,Eliminado de la Rec. 20
SAN,semestre (medio año),half year (6 months),A unit of time defining the number of half years (6 months).,,,3.8,Informativa - múltiplos / fracciones / decimales,Vigente
SCO,,score,A unit of count defining the number of units in multiples of 20.,,20,3.7,Informativa - enteros / números / razones,Vigente
SCR,,scruple,,,"1,295 982 g",3.5,Informativa - unidades específicas de industria,Vigente
SD,,solid pound,,,,3.1,Informativa - unidades base calificadas (niveles 1 y 2),Eliminado de la Rec. 20
SE,,section,,,,3.9,Informativa - varias,Eliminado de la Rec. 20
SEC,segundo,second [unit of time],,s,s,1,Normativa (SI),Vigente
SET,juego (set),set,A unit of count defining the number of sets (set: a number of objects grouped together).,,,3.2,Informativa - unidades de venta,Vigente
SG,,segment,A unit of information equal to 64000 bytes.,,,3.9,Informativa - varias,Vigente
SHT,,shipping ton,A unit of mass defining the number of tons for shipping.,,,3.4,Informativa - unidades de envío y transporte,Obsoleto (deprecated)
SIE,,siemens,,S,A/V,1,Normativa (SI),Vigente
SK,,split tank truck,,,,3.4,Informativa - unidades de envío y transporte,Eliminado de la Rec. 20
SL,,slipsheet,"Use UN/ECE Recommendation 21 (refer to Note 2 in the spreadsheet introduction, 1st sheet).",,,3.3,Informativa - unidades de embalaje,Eliminado de la Rec. 20
SM3,,Standard cubic metre,Standard cubic metre (temperature 15°C and pressure 1013.25 millibars ),,m3,2,"Equivalente normativa (no SI: UK, US, etc.)",Vigente
SMI,milla (milla terrestre),mile (statute mile),,mile,"1 609,344 m",2,"Equivalente normativa (no SI: UK, US, etc.)",Vigente
SN,,square rod,,rd²,"25,292 9 m²",3.8,Informativa - múltiplos / fracciones / decimales,Eliminado de la Rec. 20
SO,,spool,"Use UN/ECE Recommendation 21 (refer to Note 2 in the spreadsheet introduction, 1st sheet).",,,3.3,Informativa - unidades de embalaje,Eliminado de la Rec. 20
SP,,shelf package,,,,3.9,Informativa - varias,Eliminado de la Rec. 20
SQ,,square,A unit of count defining the number of squares (square: rectangular shape).,,,3.9,Informativa - varias,Vigente
SQR,,"square, roofing","A unit of count defining the number of squares of roofing materials, measured in multiples of 100 square feet.",,,3.1,Informativa - unidades base calificadas (niveles 1 y 2),Vigente
SR,,strip,A unit of count defining the number of strips (strip: long narrow piece of an object).,,,3.9,Informativa - varias,Vigente
SS,,sheet metric measure,,,,3.3,Informativa - unidades de embalaje,Eliminado de la Rec. 20
SST,,short standard (7200 matches),,,,3.5,Informativa - unidades específicas de industria,Eliminado de la Rec. 20
ST,hoja,sheet,"Use UN/ECE Recommendation 21 (refer to Note 2 in the spreadsheet introduction, 1st sheet).",,,3.3,Informativa - unidades de embalaje,Eliminado de la Rec. 20
STC,,stick,A unit of count defining the number of sticks (stick: slender and often cylindrical piece of a substance).,,,3.9,Informativa - varias,Vigente
STI,,stone (UK),,st,"6,350 293 kg",2,"Equivalente normativa (no SI: UK, US, etc.)",Vigente
STK,,"stick, cigarette",A unit of count defining the number of cigarettes in the smallest unit for stock-taking and/or duty computation.,,,3.9,Informativa - varias,Vigente
STL,,standard litre,"A unit of volume defining the number of litres of a product at a temperature of 15 degrees Celsius, especially in relation to hydrocarbon oils.",,,3.1,Informativa - unidades base calificadas (niveles 1 y 2),Vigente
STN,tonelada corta (EE.UU.),ton (US) or short ton (UK/US),Synonym: net ton (2000 lb),ton (US),"0,907184 7 x 10³ kg",2,"Equivalente normativa (no SI: UK, US, etc.)",Vigente
STW,,straw,A unit of count defining the number of straws (straw: a slender tube used for sucking up liquids).,,,3.9,Informativa - varias,Vigente
SV,,skid,"Use UN/ECE Recommendation 21 (refer to Note 2 in the spreadsheet introduction, 1st sheet).",,,3.9,Informativa - varias,Eliminado de la Rec. 20
SW,,skein,A unit of count defining the number of skeins (skein: a loosely-coiled bundle of yarn or thread).,,,3.9,Informativa - varias,Vigente
SX,,shipment,A unit of count defining the number of shipments (shipment: an amount of goods shipped or transported).,,,3.4,Informativa - unidades de envío y transporte,Vigente
SYR,,syringe,"A unit of count defining the number of syringes (syringe: a small device for pumping, spraying and/or injecting liquids through a small aperture).",,,3.9,Informativa - varias,Vigente
T0,,telecommunication line in service,A unit of count defining the number of lines in service.,,,3.5,Informativa - unidades específicas de industria,Vigente
T1,,thousand pound gross,,,,3.8,Informativa - múltiplos / fracciones / decimales,Eliminado de la Rec. 20
T3,,thousand piece,"A unit of count defining the number of pieces in multiples of 1000 (piece: a single item, article or exemplar).",,,3.8,Informativa - múltiplos / fracciones / decimales,Vigente
T4,,thousand bag,,,,3.8,Informativa - múltiplos / fracciones / decimales,Eliminado de la Rec. 20
T5,,thousand casing,,,,3.8,Informativa - múltiplos / fracciones / decimales,Eliminado de la Rec. 20
T6,,thousand gallon (US),,,"3,785 412 m³",3.8,Informativa - múltiplos / fracciones / decimales,Eliminado de la Rec. 20
T7,,thousand impression,,,,3.8,Informativa - múltiplos / fracciones / decimales,Eliminado de la Rec. 20
T8,,thousand linear inch,,,,3.8,Informativa - múltiplos / fracciones / decimales,Eliminado de la Rec. 20
TA,,tenth cubic foot,,,,3.8,Informativa - múltiplos / fracciones / decimales,Eliminado de la Rec. 20
TAH,,kiloampere hour (thousand ampere hour),,kA·h,"3,6 x 10⁶ C",1M,Normativa - múltiplos de uso común,Vigente
TAN,,total acid number,A unit of chemistry defining the amount of potassium hydroxide (KOH) in milligrams that is needed to neutralize the acids in one gram of oil. It is an important quality measurement of crude oil.,TAN,mg KOH/g ,3.5,Informativa - unidades específicas de industria,Vigente
TC,,truckload,,,,3.4,Informativa - unidades de envío y transporte,Eliminado de la Rec. 20
TD,,therm,,,"10⁵ x  1 055,056 J",3.8,Informativa - múltiplos / fracciones / decimales,Eliminado de la Rec. 20
TE,,tote,,,,3.3,Informativa - unidades de embalaje,Eliminado de la Rec. 20
TF,,ten square yard,,,,3.8,Informativa - múltiplos / fracciones / decimales,Eliminado de la Rec. 20
TI,,thousand square inch,,,,3.8,Informativa - múltiplos / fracciones / decimales,Vigente
TIC,,"metric ton, including container","A unit of mass defining the number of metric tons of a product, including its container.",,,3.1,Informativa - unidades base calificadas (niveles 1 y 2),Vigente
TIP,,"metric ton, including inner packaging","A unit of mass defining the number of metric tons of a product, including its inner packaging materials.",,,3.1,Informativa - unidades base calificadas (niveles 1 y 2),Vigente
TJ,,thousand square centimetre,,,,3.8,Informativa - múltiplos / fracciones / decimales,Eliminado de la Rec. 20
TK,,"tank, rectangular","Use UN/ECE Recommendation 21 (refer to Note 2 in the spreadsheet introduction, 1st sheet).",,,3.4,Informativa - unidades de envío y transporte,Eliminado de la Rec. 20
TKM,,tonne kilometre,"A unit of information typically used for billing purposes, expressed as the number of tonnes (metric tons) moved over a distance of one kilometre. ",t·km,10⁶ kg x m,3.4,Informativa - unidades de envío y transporte,Vigente
TL,,thousand foot (linear),,,,3.8,Informativa - múltiplos / fracciones / decimales,Eliminado de la Rec. 20
TMS,,"kilogram of imported meat, less offal","A unit of mass equal to one thousand grams of imported meat, disregarding less valuable by-products such as the entrails.",,,3.5,Informativa - unidades específicas de industria,Vigente
TN,lata (tin),tin,"Use UN/ECE Recommendation 21 (refer to Note 2 in the spreadsheet introduction, 1st sheet).",,,3.3,Informativa - unidades de embalaje,Eliminado de la Rec. 20
TNE,tonelada métrica,tonne (metric ton),Synonym: metric ton,t,10³ kg,1S,Normativa - múltiplos estándar,Vigente
TP,,ten pack,A unit of count defining the number of items in multiples of 10.,,,3.2,Informativa - unidades de venta,Vigente
TPI,,teeth per inch,The number of teeth per inch.,TPI,0.0254 /m,3.1,Informativa - unidades base calificadas (niveles 1 y 2),Vigente
TPR,,ten pair,A unit of count defining the number of pairs in multiples of 10 (pair: item described by two's).,,,3.8,Informativa - múltiplos / fracciones / decimales,Vigente
TQ,,thousand foot,,,,3.8,Informativa - múltiplos / fracciones / decimales,Eliminado de la Rec. 20
TQD,,thousand cubic metre per day,A unit of volume equal to one thousand cubic metres per day.,km³/d,"1,157 41 x 10⁻² m³/s",3.8,Informativa - múltiplos / fracciones / decimales,Vigente
TR,,ten square foot,,,,3.8,Informativa - múltiplos / fracciones / decimales,Eliminado de la Rec. 20
TRL,,trillion (EUR),,,10¹⁸,3.7,Informativa - enteros / números / razones,Vigente
TS,,thousand square foot,,,,3.8,Informativa - múltiplos / fracciones / decimales,Eliminado de la Rec. 20
TSD,,tonne of substance 90 % dry,,,,3.1,Informativa - unidades base calificadas (niveles 1 y 2),Eliminado de la Rec. 20
TSH,,ton of steam per hour,,,,3.1,Informativa - unidades base calificadas (niveles 1 y 2),Eliminado de la Rec. 20
TST,,ten set,A unit of count defining the number of sets in multiples of 10 (set: a number of objects grouped together).,,,3.9,Informativa - varias,Vigente
TT,,thousand linear metre,,,,3.8,Informativa - múltiplos / fracciones / decimales,Eliminado de la Rec. 20
TTS,,ten thousand sticks,A unit of count defining the number of sticks in multiples of 10000 (stick: slender and often cylindrical piece of a substance).,,,3.9,Informativa - varias,Vigente
TU,tubo,tube,"Use UN/ECE Recommendation 21 (refer to Note 2 in the spreadsheet introduction, 1st sheet).",,,3.3,Informativa - unidades de embalaje,Eliminado de la Rec. 20
TV,,thousand kilogram,,,10³kg,3.8,Informativa - múltiplos / fracciones / decimales,Eliminado de la Rec. 20
TW,,thousand sheet,,,,3.8,Informativa - múltiplos / fracciones / decimales,Eliminado de la Rec. 20
TY,tanque cilíndrico,"tank, cylindrical","Use UN/ECE Recommendation 21 (refer to Note 2 in the spreadsheet introduction, 1st sheet).",,,3.4,Informativa - unidades de envío y transporte,Eliminado de la Rec. 20
U1,,treatment,"A unit of count defining the number of treatments (treatment: subjection to the action of a chemical, physical or biological agent).",,,3.9,Informativa - varias,Vigente
U2,,tablet,A unit of count defining the number of tablets (tablet: a small flat or compressed solid object).,,,3.9,Informativa - varias,Vigente
UA,,torr,,Torr,"133,322 4 Pa",2,"Equivalente normativa (no SI: UK, US, etc.)",Obsoleto (deprecated)
UB,,telecommunication line in service average,A unit of count defining the average number of lines in service.,,,3.5,Informativa - unidades específicas de industria,Vigente
UC,,telecommunication port,A unit of count defining the number of network access ports.,,,3.5,Informativa - unidades específicas de industria,Vigente
UD,,tenth minute,,,6 s,3.8,Informativa - múltiplos / fracciones / decimales,Eliminado de la Rec. 20
UE,,tenth hour,,,360 s,3.8,Informativa - múltiplos / fracciones / decimales,Eliminado de la Rec. 20
UF,,usage per telecommunication line average,,,,3.5,Informativa - unidades específicas de industria,Eliminado de la Rec. 20
UH,,ten thousand yard,,,,3.8,Informativa - múltiplos / fracciones / decimales,Eliminado de la Rec. 20
UM,,million unit,,,,3.8,Informativa - múltiplos / fracciones / decimales,Eliminado de la Rec. 20
VA,,volt - ampere per kilogram,,V·A / kg,V x A / kg,3.9,Informativa - varias,Vigente
VI,vial,vial,"Use UN/ECE Recommendation 21 (refer to Note 2 in the spreadsheet introduction, 1st sheet).",,,3.3,Informativa - unidades de embalaje,Eliminado de la Rec. 20
VLT,voltio,volt,,V,V,1,Normativa (SI),Vigente
VP,,percent volume,"A measure of concentration, typically expressed as the percentage volume of a solute in a solution.",,,3.7,Informativa - enteros / números / razones,Vigente
VQ,,bulk,"Use UN/ECE Recommendation 21 (refer to Note 2 in the spreadsheet introduction, 1st sheet).",,,3.3,Informativa - unidades de embalaje,Eliminado de la Rec. 20
VS,,visit,,,,3.9,Informativa - varias,Eliminado de la Rec. 20
W2,,wet kilo,"A unit of mass defining the number of kilograms of a product, including the water content of the product.",,,3.1,Informativa - unidades base calificadas (niveles 1 y 2),Vigente
W4,,two week,,,,3.8,Informativa - múltiplos / fracciones / decimales,Eliminado de la Rec. 20
WA,,watt per kilogram,,W/kg,1 W/kg,3.9,Informativa - varias,Vigente
WB,,wet pound,"A unit of mass defining the number of pounds of a material, including the water content of the material.",,,3.1,Informativa - unidades base calificadas (niveles 1 y 2),Vigente
WCD,,cord,A unit of volume used for measuring lumber. One board foot equals 1/12 of a cubic foot.,,"3,63 m³",3.5,Informativa - unidades específicas de industria,Vigente
WE,,wet ton,"A unit of mass defining the number of tons of a material, including the water content of the material.",,,3.1,Informativa - unidades base calificadas (niveles 1 y 2),Vigente
WEB,,weber,,Wb,Wb,1,Normativa (SI),Vigente
WEE,semana,week,,wk,"6,048 x 10⁵ s",2,"Equivalente normativa (no SI: UK, US, etc.)",Vigente
WG,,wine gallon,A unit of volume equal to 231 cubic inches.,,,3.1,Informativa - unidades base calificadas (niveles 1 y 2),Vigente
WH,,wheel,,,,3.9,Informativa - varias,Eliminado de la Rec. 20
WHR,vatio hora,watt hour,,W·h,"3,6 x 10³ J",1,Normativa (SI),Vigente
WI,,weight per square inch,,,,3.9,Informativa - varias,Eliminado de la Rec. 20
WM,,working month,A unit of time defining the number of working months.,,,3.1,Informativa - unidades base calificadas (niveles 1 y 2),Vigente
WR,,wrap,,,,3.3,Informativa - unidades de embalaje,Eliminado de la Rec. 20
WSD,,standard,"A unit of volume of finished lumber equal to 165 cubic feet.,Synonym: standard cubic foot",std,"4,672 m³",3.5,Informativa - unidades específicas de industria,Vigente
WTT,vatio,watt,,W,W,1,Normativa (SI),Vigente
WW,,millilitre of water,A unit of volume equal to the number of millilitres of water.,,,3.1,Informativa - unidades base calificadas (niveles 1 y 2),Obsoleto (deprecated)
X1,,Gunter's chain,A unit of distance used or formerly used by British surveyors.,ch (UK),"20,116 8 m",2,"Equivalente normativa (no SI: UK, US, etc.)",Vigente
YDK,yarda cuadrada,square yard,,yd²,"8,361 274 x 10⁻¹ m²",2,"Equivalente normativa (no SI: UK, US, etc.)",Vigente
YDQ,yarda cúbica,cubic yard,,yd³,"0,764 555 m³",2,"Equivalente normativa (no SI: UK, US, etc.)",Vigente
YL,,hundred linear yard,,,,3.8,Informativa - múltiplos / fracciones / decimales,Eliminado de la Rec. 20
YRD,yarda,yard,,yd,"0,914 4 m",2,"Equivalente normativa (no SI: UK, US, etc.)",Vigente
YT,,ten yard,,,,3.8,Informativa - múltiplos / fracciones / decimales,Eliminado de la Rec. 20
Z1,,lift van,,,,3.4,Informativa - unidades de envío y transporte,Eliminado de la Rec. 20
Z11,,hanging container,A unit of count defining the number of hanging containers.,,,3.9,Informativa - varias,Vigente
Z2,,chest,"Use UN/ECE Recommendation 21 (refer to Note 2 in the spreadsheet introduction, 1st sheet).",,,3.3,Informativa - unidades de embalaje,Eliminado de la Rec. 20
Z3,,cask,"Use UN/ECE Recommendation 21 (refer to Note 2 in the spreadsheet introduction, 1st sheet).",,,3.3,Informativa - unidades de embalaje,Eliminado de la Rec. 20
Z4,,hogshead,"Use UN/ECE Recommendation 21 (refer to Note 2 in the spreadsheet introduction, 1st sheet).",,,3.3,Informativa - unidades de embalaje,Eliminado de la Rec. 20
Z5,,lug,,,,3.9,Informativa - varias,Eliminado de la Rec. 20
Z6,,conference point,,,,3.5,Informativa - unidades específicas de industria,Eliminado de la Rec. 20
Z8,,newspage agate line,,,,3.9,Informativa - varias,Eliminado de la Rec. 20
Z9,,nanomole,An SI unit of amount of substance equal to 10−9 moles,nmol,10-9 mol,1S,Normativa - múltiplos estándar,Vigente
ZP,,page,A unit of count defining the number of pages.,,,3.5,Informativa - unidades específicas de industria,Vigente
ZZ,mutuamente definido,mutually defined,A unit of measure as agreed in common between two or more parties.,,,3.9,Informativa - varias,Vigente
